Date,Close
3/21/2012 16:00:00,20.02
3/22/2012 16:00:00,19.94
3/23/2012 16:00:00,19.92
3/26/2012 16:00:00,20.22
3/27/2012 16:00:00,20.19
3/28/2012 16:00:00,19.99
3/29/2012 16:00:00,20
3/30/2012 16:00:00,20.04
4/2/2012 16:00:00,20.13
4/3/2012 16:00:00,19.95
4/4/2012 16:00:00,19.73
4/5/2012 16:00:00,19.77
4/9/2012 16:00:00,19.56
4/10/2012 16:00:00,19.19
4/11/2012 16:00:00,19.36
4/12/2012 16:00:00,19.63
4/13/2012 16:00:00,19.42
4/16/2012 16:00:00,19.28
4/17/2012 16:00:00,19.6
4/18/2012 16:00:00,19.61
4/19/2012 16:00:00,19.4
4/20/2012 16:00:00,19.35
4/23/2012 16:00:00,19.05
4/24/2012 16:00:00,19.11
4/25/2012 16:00:00,19.22
4/26/2012 16:00:00,19.54
4/27/2012 16:00:00,19.58
4/30/2012 16:00:00,19.68
5/1/2012 16:00:00,19.77
5/2/2012 16:00:00,19.79
5/3/2012 16:00:00,19.45
5/4/2012 16:00:00,19
5/7/2012 16:00:00,19
5/8/2012 16:00:00,18.89
5/9/2012 16:00:00,18.76
5/10/2012 16:00:00,18.71
5/11/2012 16:00:00,18.83
5/14/2012 16:00:00,18.68
5/15/2012 16:00:00,18.68
5/16/2012 16:00:00,18.44
5/17/2012 16:00:00,18.1
5/18/2012 16:00:00,17.81
5/21/2012 16:00:00,18.24
5/22/2012 16:00:00,18.23
5/23/2012 16:00:00,18.3
5/24/2012 16:00:00,18.06
5/25/2012 16:00:00,18.22
5/29/2012 16:00:00,18.4
5/30/2012 16:00:00,18.12
6/1/2012 16:00:00,17.5
6/4/2012 16:00:00,17.58
6/5/2012 16:00:00,17.59
6/6/2012 16:00:00,18.19
6/7/2012 16:00:00,18.1
6/8/2012 16:00:00,18.26
6/11/2012 16:00:00,18.01
6/14/2012 16:00:00,18.15
6/19/2012 16:00:00,18.76
6/20/2012 16:00:00,18.79
6/21/2012 16:00:00,18.11
6/25/2012 16:00:00,17.98
6/26/2012 16:00:00,18.16
6/27/2012 16:00:00,18.27
6/28/2012 16:00:00,18
6/29/2012 16:00:00,18.61
7/2/2012 16:00:00,18.53
7/3/2012 16:00:00,18.77
7/5/2012 16:00:00,18.81
7/6/2012 16:00:00,18.42
7/9/2012 16:00:00,18.31
7/10/2012 16:00:00,18.1
7/11/2012 16:00:00,18.04
7/12/2012 16:00:00,17.9
7/13/2012 16:00:00,18.06
7/16/2012 16:00:00,17.89
7/17/2012 16:00:00,17.97
7/19/2012 16:00:00,18.53
7/23/2012 16:00:00,17.93
7/24/2012 16:00:00,17.75
7/25/2012 16:00:00,17.82
7/26/2012 16:00:00,18.14
7/27/2012 16:00:00,18.66
7/30/2012 16:00:00,18.47
7/31/2012 16:00:00,18.41
8/1/2012 16:00:00,18.38
8/2/2012 16:00:00,18.25
8/6/2012 16:00:00,18.84
8/7/2012 16:00:00,19.1
8/9/2012 16:00:00,19.11
8/10/2012 16:00:00,19.17
8/13/2012 16:00:00,19.1
8/14/2012 16:00:00,19.15
8/16/2012 16:00:00,19.43
8/20/2012 16:00:00,19.36
8/21/2012 16:00:00,19.27
8/24/2012 16:00:00,19.23
8/29/2012 16:00:00,19.2
8/30/2012 16:00:00,19.01
8/31/2012 16:00:00,19.1
9/6/2012 16:00:00,19.41
9/7/2012 16:00:00,19.52
9/11/2012 16:00:00,19.37
9/12/2012 16:00:00,19.41
9/13/2012 16:00:00,19.37
9/14/2012 16:00:00,19.81
9/17/2012 16:00:00,19.69
9/19/2012 16:00:00,19.63
9/21/2012 16:00:00,19.63
9/24/2012 16:00:00,19.44
9/25/2012 16:00:00,19.41
10/1/2012 16:00:00,19.28
10/5/2012 16:00:00,19.47
10/10/2012 16:00:00,18.99
10/11/2012 16:00:00,18.9
10/15/2012 16:00:00,18.95
10/16/2012 16:00:00,19.17
10/17/2012 16:00:00,19.2
10/18/2012 16:00:00,19.07
10/19/2012 16:00:00,18.91
10/23/2012 16:00:00,18.49
10/26/2012 16:00:00,18.62
11/1/2012 16:00:00,18.7
11/5/2012 16:00:00,18.92
11/9/2012 16:00:00,18.49
11/13/2012 16:00:00,18.45
11/16/2012 16:00:00,18.18
11/19/2012 16:00:00,18.45
11/20/2012 16:00:00,18.5
11/26/2012 16:00:00,18.8
11/27/2012 16:00:00,18.88
11/28/2012 16:00:00,18.67
11/29/2012 16:00:00,19.16
12/5/2012 16:00:00,19.14
12/7/2012 16:00:00,19.2
12/10/2012 16:00:00,19.26
12/11/2012 16:00:00,19.44
12/17/2012 16:00:00,19.51
12/19/2012 16:00:00,19.7
12/20/2012 16:00:00,19.69
12/21/2012 16:00:00,19.38
12/27/2012 16:00:00,19.21
12/28/2012 16:00:00,19.06
12/31/2012 16:00:00,18.98
1/2/2013 16:00:00,19.86
1/3/2013 16:00:00,19.92
1/4/2013 16:00:00,19.95
1/7/2013 16:00:00,19.95
1/11/2013 16:00:00,20.13
1/14/2013 16:00:00,20.21
1/17/2013 16:00:00,20.4
1/18/2013 16:00:00,20.41
1/22/2013 16:00:00,20.42
1/23/2013 16:00:00,20.47
1/24/2013 16:00:00,20.53
1/25/2013 16:00:00,20.76
1/28/2013 16:00:00,20.82
1/29/2013 16:00:00,20.7
1/30/2013 16:00:00,20.65
1/31/2013 16:00:00,20.67
2/1/2013 16:00:00,20.93
2/4/2013 16:00:00,20.69
2/5/2013 16:00:00,20.9
2/6/2013 16:00:00,20.84
2/7/2013 16:00:00,20.78
2/8/2013 16:00:00,20.95
2/11/2013 16:00:00,20.99
2/12/2013 16:00:00,20.95
2/13/2013 16:00:00,20.96
2/14/2013 16:00:00,20.96
2/15/2013 16:00:00,20.98
2/19/2013 16:00:00,21.05
2/20/2013 16:00:00,20.75
2/21/2013 16:00:00,20.52
2/22/2013 16:00:00,20.63
2/25/2013 16:00:00,20.4
2/26/2013 16:00:00,20.44
2/27/2013 16:00:00,20.78
2/28/2013 16:00:00,20.78
3/1/2013 16:00:00,20.86
3/4/2013 16:00:00,20.98
3/5/2013 16:00:00,21.24
3/6/2013 16:00:00,21.27
3/8/2013 16:00:00,21.36
3/11/2013 16:00:00,21.42
3/12/2013 16:00:00,21.41
3/13/2013 16:00:00,21.45
3/14/2013 16:00:00,21.52
3/15/2013 16:00:00,21.37
3/18/2013 16:00:00,21.21
3/19/2013 16:00:00,21.17
3/20/2013 16:00:00,21.38
3/21/2013 16:00:00,21.25
3/25/2013 16:00:00,21.26
3/26/2013 16:00:00,21.41
3/27/2013 16:00:00,21.51
3/28/2013 16:00:00,21.57
4/1/2013 16:00:00,21.44
4/2/2013 16:00:00,21.56
4/3/2013 16:00:00,21.34
4/4/2013 16:00:00,21.39
4/5/2013 16:00:00,21.25
4/8/2013 16:00:00,21.36
4/9/2013 16:00:00,21.48
4/10/2013 16:00:00,21.87
4/11/2013 16:00:00,21.97
4/12/2013 16:00:00,21.93
4/15/2013 16:00:00,21.43
4/16/2013 16:00:00,21.71
4/17/2013 16:00:00,21.31
4/18/2013 16:00:00,21.27
4/19/2013 16:00:00,21.35
4/22/2013 16:00:00,21.41
4/23/2013 16:00:00,21.63
4/24/2013 16:00:00,21.8
4/26/2013 16:00:00,21.83
4/29/2013 16:00:00,21.96
4/30/2013 16:00:00,21.84
5/1/2013 16:00:00,21.88
5/2/2013 16:00:00,22.12
5/3/2013 16:00:00,22.43
5/6/2013 16:00:00,22.46
5/7/2013 16:00:00,22.54
5/8/2013 16:00:00,22.6
5/9/2013 16:00:00,22.58
5/10/2013 16:00:00,22.83
5/13/2013 16:00:00,22.75
5/14/2013 16:00:00,22.92
5/15/2013 16:00:00,23.03
5/16/2013 16:00:00,22.92
5/17/2013 16:00:00,23.04
5/20/2013 16:00:00,23.03
5/21/2013 16:00:00,23.11
5/22/2013 16:00:00,22.84
5/23/2013 16:00:00,22.86
5/24/2013 16:00:00,22.71
5/28/2013 16:00:00,23
5/29/2013 16:00:00,22.82
5/30/2013 16:00:00,22.97
5/31/2013 16:00:00,22.82
6/3/2013 16:00:00,22.54
6/4/2013 16:00:00,22.68
6/5/2013 16:00:00,22.3
6/6/2013 16:00:00,22.4
6/7/2013 16:00:00,22.8
6/10/2013 16:00:00,22.77
6/11/2013 16:00:00,22.63
6/12/2013 16:00:00,22.3
6/13/2013 16:00:00,22.63
6/17/2013 16:00:00,22.71
6/18/2013 16:00:00,22.89
6/19/2013 16:00:00,22.85
6/20/2013 16:00:00,22.05
6/21/2013 16:00:00,22.02
6/24/2013 16:00:00,21.83
6/25/2013 16:00:00,21.96
6/26/2013 16:00:00,22.2
6/27/2013 16:00:00,22.46
7/1/2013 16:00:00,22.52
7/2/2013 16:00:00,22.47
7/5/2013 16:00:00,22.73
7/8/2013 16:00:00,22.76
7/9/2013 16:00:00,22.95
7/10/2013 16:00:00,23.03
7/11/2013 16:00:00,23.48
7/12/2013 16:00:00,23.57
7/15/2013 16:00:00,23.72
7/16/2013 16:00:00,23.68
7/17/2013 16:00:00,23.71
7/18/2013 16:00:00,23.79
7/19/2013 16:00:00,23.78
7/22/2013 16:00:00,23.83
7/23/2013 16:00:00,23.74
7/24/2013 16:00:00,23.5
7/25/2013 16:00:00,23.77
7/26/2013 16:00:00,23.69
7/29/2013 16:00:00,23.67
7/30/2013 16:00:00,23.74
7/31/2013 16:00:00,23.94
8/1/2013 16:00:00,24.25
8/2/2013 16:00:00,24.24
8/5/2013 16:00:00,24.26
8/6/2013 16:00:00,24.16
8/7/2013 16:00:00,24.08
8/8/2013 16:00:00,24.2
8/9/2013 16:00:00,24.22
8/12/2013 16:00:00,24.17
8/13/2013 16:00:00,24.25
8/14/2013 16:00:00,24.07
8/15/2013 16:00:00,23.6
8/16/2013 16:00:00,23.68
8/19/2013 16:00:00,23.45
8/20/2013 16:00:00,23.69
8/21/2013 16:00:00,23.5
8/22/2013 16:00:00,23.78
8/23/2013 16:00:00,23.85
8/26/2013 16:00:00,23.88
8/27/2013 16:00:00,23.55
8/28/2013 16:00:00,23.56
8/29/2013 16:00:00,23.75
8/30/2013 16:00:00,23.59
9/3/2013 16:00:00,23.99
9/4/2013 16:00:00,24.06
9/5/2013 16:00:00,24.12
9/6/2013 16:00:00,24.24
9/10/2013 16:00:00,24.64
9/11/2013 16:00:00,24.76
9/12/2013 16:00:00,24.68
9/13/2013 16:00:00,24.72
9/16/2013 16:00:00,24.84
9/17/2013 16:00:00,24.98
9/18/2013 16:00:00,25.21
9/19/2013 16:00:00,25.23
9/20/2013 16:00:00,25.15
9/23/2013 16:00:00,24.94
9/24/2013 16:00:00,24.96
9/25/2013 16:00:00,24.98
9/26/2013 16:00:00,25.14
9/27/2013 16:00:00,25.06
9/30/2013 16:00:00,24.98
10/1/2013 16:00:00,25.24
10/2/2013 16:00:00,25.19
10/3/2013 16:00:00,24.98
10/4/2013 16:00:00,25.22
10/7/2013 16:00:00,25.05
10/8/2013 16:00:00,24.55
10/9/2013 16:00:00,24.45
10/10/2013 16:00:00,24.9
10/11/2013 16:00:00,25.04
10/14/2013 16:00:00,25.2
10/15/2013 16:00:00,25.1
10/16/2013 16:00:00,25.29
10/17/2013 16:00:00,25.47
10/18/2013 16:00:00,25.66
10/21/2013 16:00:00,25.63
10/22/2013 16:00:00,25.78
10/23/2013 16:00:00,25.46
10/24/2013 16:00:00,25.56
10/25/2013 16:00:00,25.54
10/28/2013 16:00:00,25.6
10/29/2013 16:00:00,25.74
10/30/2013 16:00:00,25.67
10/31/2013 16:00:00,25.63
11/1/2013 16:00:00,25.6
11/4/2013 16:00:00,25.68
11/5/2013 16:00:00,25.66
11/6/2013 16:00:00,25.56
11/7/2013 16:00:00,25.21
11/8/2013 16:00:00,25.38
11/11/2013 16:00:00,25.45
11/13/2013 16:00:00,25.63
11/14/2013 16:00:00,25.8
11/15/2013 16:00:00,25.98
11/18/2013 16:00:00,25.7
11/19/2013 16:00:00,25.54
11/20/2013 16:00:00,25.5
11/21/2013 16:00:00,25.7
11/22/2013 16:00:00,25.88
11/25/2013 16:00:00,25.89
11/26/2013 16:00:00,26.02
11/27/2013 16:00:00,26.08
11/29/2013 16:00:00,26.12
12/2/2013 16:00:00,26.06
12/3/2013 16:00:00,25.96
12/4/2013 16:00:00,25.97
12/5/2013 16:00:00,25.89
12/6/2013 16:00:00,26.2
12/9/2013 16:00:00,26.22
12/10/2013 16:00:00,26.23
12/11/2013 16:00:00,25.84
12/12/2013 16:00:00,25.86
12/13/2013 16:00:00,25.9
12/16/2013 16:00:00,26.01
12/17/2013 16:00:00,25.98
12/18/2013 16:00:00,26.2
12/19/2013 16:00:00,26.34
12/20/2013 16:00:00,26.57
12/23/2013 16:00:00,26.7
12/24/2013 16:00:00,26.83
12/26/2013 16:00:00,26.87
12/27/2013 16:00:00,26.88
12/30/2013 16:00:00,26.96
12/31/2013 16:00:00,27.06
1/2/2014 16:00:00,26.85
1/3/2014 16:00:00,26.74
1/6/2014 16:00:00,26.65
1/7/2014 16:00:00,26.85
1/8/2014 16:00:00,27.02
1/9/2014 16:00:00,26.9
1/10/2014 16:00:00,26.9
1/13/2014 16:00:00,26.56
1/14/2014 16:00:00,27.08
1/15/2014 16:00:00,27.21
1/16/2014 16:00:00,27.22
1/17/2014 16:00:00,27.21
1/21/2014 16:00:00,27.16
1/22/2014 16:00:00,27.43
1/23/2014 16:00:00,27.18
1/24/2014 16:00:00,26.71
1/27/2014 16:00:00,26.47
1/28/2014 16:00:00,26.53
1/29/2014 16:00:00,26.51
1/30/2014 16:00:00,26.86
1/31/2014 16:00:00,26.68
2/3/2014 16:00:00,26.04
2/4/2014 16:00:00,26.26
2/5/2014 16:00:00,26.15
2/6/2014 16:00:00,26.61
2/7/2014 16:00:00,27.11
2/10/2014 16:00:00,27.28
2/11/2014 16:00:00,27.63
2/12/2014 16:00:00,27.72
2/13/2014 16:00:00,27.91
2/14/2014 16:00:00,28.04
2/18/2014 16:00:00,28.2
2/19/2014 16:00:00,28.2
2/20/2014 16:00:00,28.34
2/21/2014 16:00:00,28.36
2/24/2014 16:00:00,28.59
2/25/2014 16:00:00,28.45
2/26/2014 16:00:00,28.48
2/27/2014 16:00:00,28.65
2/28/2014 16:00:00,28.54
3/3/2014 16:00:00,28.35
3/4/2014 16:00:00,28.85
3/5/2014 16:00:00,28.82
3/6/2014 16:00:00,28.73
3/7/2014 16:00:00,28.57
3/10/2014 16:00:00,28.5
3/11/2014 16:00:00,28.39
3/12/2014 16:00:00,28.41
3/13/2014 16:00:00,28.06
3/14/2014 16:00:00,28.16
3/17/2014 16:00:00,28.28
3/18/2014 16:00:00,28.54
3/19/2014 16:00:00,28.38
3/20/2014 16:00:00,28.49
3/21/2014 16:00:00,28.14
3/24/2014 16:00:00,27.62
3/25/2014 16:00:00,27.6
3/26/2014 16:00:00,27.39
3/27/2014 16:00:00,27.27
3/28/2014 16:00:00,27.32
3/31/2014 16:00:00,27.59
4/1/2014 16:00:00,28.04
4/2/2014 16:00:00,28.19
4/3/2014 16:00:00,27.92
4/4/2014 16:00:00,27.25
4/7/2014 16:00:00,26.86
4/8/2014 16:00:00,27.12
4/9/2014 16:00:00,27.51
4/10/2014 16:00:00,26.68
4/11/2014 16:00:00,26.32
4/14/2014 16:00:00,26.51
4/15/2014 16:00:00,26.62
4/16/2014 16:00:00,26.87
4/17/2014 16:00:00,27.06
4/21/2014 16:00:00,27.17
4/22/2014 16:00:00,27.44
4/23/2014 16:00:00,27.23
4/24/2014 16:00:00,27.21
4/25/2014 16:00:00,26.75
4/28/2014 16:00:00,26.72
4/29/2014 16:00:00,26.87
4/30/2014 16:00:00,27.07
5/1/2014 16:00:00,27.2
5/2/2014 16:00:00,27.21
5/5/2014 16:00:00,27.25
5/6/2014 16:00:00,26.99
5/7/2014 16:00:00,26.87
5/8/2014 16:00:00,26.89
5/9/2014 16:00:00,27.01
5/12/2014 16:00:00,27.48
5/13/2014 16:00:00,27.48
5/14/2014 16:00:00,27.25
5/15/2014 16:00:00,27.07
5/16/2014 16:00:00,27.23
5/19/2014 16:00:00,27.47
5/20/2014 16:00:00,27.24
5/21/2014 16:00:00,27.4
5/22/2014 16:00:00,27.6
5/23/2014 16:00:00,27.78
5/27/2014 16:00:00,28.04
5/28/2014 16:00:00,27.97
5/29/2014 16:00:00,28.11
5/30/2014 16:00:00,28.05
6/2/2014 16:00:00,28.18
6/3/2014 16:00:00,28.11
6/4/2014 16:00:00,28.23
6/5/2014 16:00:00,28.37
6/6/2014 16:00:00,28.61
6/9/2014 16:00:00,28.6
6/10/2014 16:00:00,28.58
6/11/2014 16:00:00,28.61
6/12/2014 16:00:00,28.57
6/13/2014 16:00:00,28.47
6/16/2014 16:00:00,28.55
6/17/2014 16:00:00,28.63
6/18/2014 16:00:00,28.8
6/19/2014 16:00:00,28.73
6/20/2014 16:00:00,28.77
6/23/2014 16:00:00,28.75
6/24/2014 16:00:00,28.65
6/25/2014 16:00:00,28.78
6/26/2014 16:00:00,28.74
6/27/2014 16:00:00,28.86
6/30/2014 16:00:00,28.96
7/1/2014 16:00:00,29.32
7/2/2014 16:00:00,29.29
7/3/2014 16:00:00,29.55
7/7/2014 16:00:00,29.3
7/8/2014 16:00:00,29
7/9/2014 16:00:00,29.17
7/10/2014 16:00:00,29.07
7/11/2014 16:00:00,29.14
7/14/2014 16:00:00,29.28
7/15/2014 16:00:00,29.16
7/16/2014 16:00:00,29.21
7/17/2014 16:00:00,28.83
7/18/2014 16:00:00,29.21
7/21/2014 16:00:00,29.06
7/22/2014 16:00:00,29.29
7/23/2014 16:00:00,29.29
7/24/2014 16:00:00,29.34
7/25/2014 16:00:00,29.21
7/28/2014 16:00:00,29.27
7/29/2014 16:00:00,29.29
7/30/2014 16:00:00,29.33
7/31/2014 16:00:00,28.84
8/1/2014 16:00:00,28.71
8/4/2014 16:00:00,28.93
8/5/2014 16:00:00,28.69
8/6/2014 16:00:00,28.72
8/7/2014 16:00:00,28.52
8/8/2014 16:00:00,28.83
8/11/2014 16:00:00,28.98
8/12/2014 16:00:00,28.91
8/13/2014 16:00:00,29.16
8/14/2014 16:00:00,29.34
8/15/2014 16:00:00,29.52
8/18/2014 16:00:00,29.69
8/19/2014 16:00:00,29.81
8/20/2014 16:00:00,29.89
8/21/2014 16:00:00,29.87
8/22/2014 16:00:00,29.97
8/25/2014 16:00:00,30.05
8/26/2014 16:00:00,30.11
8/27/2014 16:00:00,30.12
8/28/2014 16:00:00,30.08
8/29/2014 16:00:00,30.16
9/2/2014 16:00:00,30.25
9/3/2014 16:00:00,30.28
9/4/2014 16:00:00,30.27
9/5/2014 16:00:00,30.41
9/8/2014 16:00:00,30.42
9/9/2014 16:00:00,30.13
9/10/2014 16:00:00,30.27
9/11/2014 16:00:00,30.26
9/12/2014 16:00:00,30.1
9/15/2014 16:00:00,29.82
9/16/2014 16:00:00,30.08
9/17/2014 16:00:00,30.2
9/18/2014 16:00:00,30.36
9/19/2014 16:00:00,30.27
9/22/2014 16:00:00,29.93
9/23/2014 16:00:00,29.71
9/24/2014 16:00:00,30.07
9/25/2014 16:00:00,29.59
9/26/2014 16:00:00,29.84
9/29/2014 16:00:00,29.77
9/30/2014 16:00:00,29.75
10/1/2014 16:00:00,29.23
10/2/2014 16:00:00,29.25
10/3/2014 16:00:00,29.66
10/6/2014 16:00:00,29.53
10/7/2014 16:00:00,29.13
10/8/2014 16:00:00,29.6
10/9/2014 16:00:00,29
10/10/2014 16:00:00,28.26
10/13/2014 16:00:00,27.8
10/14/2014 16:00:00,27.85
10/15/2014 16:00:00,27.79
10/16/2014 16:00:00,27.76
10/17/2014 16:00:00,28.08
10/20/2014 16:00:00,28.44
10/21/2014 16:00:00,29.22
10/22/2014 16:00:00,28.94
10/23/2014 16:00:00,29.41
10/24/2014 16:00:00,29.7
10/27/2014 16:00:00,29.69
10/28/2014 16:00:00,30.14
10/29/2014 16:00:00,30.03
10/30/2014 16:00:00,30.13
10/31/2014 16:00:00,30.68
11/3/2014 16:00:00,30.73
11/4/2014 16:00:00,30.63
11/5/2014 16:00:00,30.74
11/6/2014 16:00:00,30.93
11/7/2014 16:00:00,30.87
11/10/2014 16:00:00,30.98
11/11/2014 16:00:00,31.02
11/12/2014 16:00:00,31.04
11/13/2014 16:00:00,31.12
11/14/2014 16:00:00,31.18
11/17/2014 16:00:00,31.15
11/18/2014 16:00:00,31.42
11/19/2014 16:00:00,31.29
11/20/2014 16:00:00,31.37
11/21/2014 16:00:00,31.57
11/24/2014 16:00:00,31.8
11/25/2014 16:00:00,31.86
11/26/2014 16:00:00,32.05
11/28/2014 16:00:00,32.22
12/1/2014 16:00:00,31.92
12/2/2014 16:00:00,32.06
12/3/2014 16:00:00,32.24
12/4/2014 16:00:00,32.09
12/5/2014 16:00:00,32.19
12/8/2014 16:00:00,31.92
12/9/2014 16:00:00,32
12/10/2014 16:00:00,31.52
12/11/2014 16:00:00,31.68
12/12/2014 16:00:00,31.41
12/15/2014 16:00:00,31.17
12/16/2014 16:00:00,30.84
12/17/2014 16:00:00,31.07
12/18/2014 16:00:00,31.95
12/19/2014 16:00:00,32.1
12/22/2014 16:00:00,32.22
12/23/2014 16:00:00,32.14
12/24/2014 16:00:00,32.19
12/26/2014 16:00:00,32.3
12/29/2014 16:00:00,32.29
12/30/2014 16:00:00,32.1
12/31/2014 16:00:00,31.84
1/2/2015 16:00:00,31.77
1/5/2015 16:00:00,31.31
1/6/2015 16:00:00,30.83
1/7/2015 16:00:00,31.19
1/8/2015 16:00:00,31.78
1/9/2015 16:00:00,31.53
1/12/2015 16:00:00,31.23
1/13/2015 16:00:00,31.12
1/14/2015 16:00:00,30.9
1/15/2015 16:00:00,30.55
1/16/2015 16:00:00,31.04
1/20/2015 16:00:00,31.17
1/21/2015 16:00:00,31.35
1/22/2015 16:00:00,31.83
1/23/2015 16:00:00,31.82
1/26/2015 16:00:00,31.89
1/27/2015 16:00:00,31.4
1/28/2015 16:00:00,31.06
1/29/2015 16:00:00,31.28
1/30/2015 16:00:00,30.83
2/2/2015 16:00:00,31.13
2/3/2015 16:00:00,31.67
2/4/2015 16:00:00,31.56
2/5/2015 16:00:00,31.83
2/6/2015 16:00:00,31.64
2/9/2015 16:00:00,31.5
2/10/2015 16:00:00,31.97
2/11/2015 16:00:00,31.96
2/12/2015 16:00:00,32.45
2/13/2015 16:00:00,32.75
2/17/2015 16:00:00,32.7
2/18/2015 16:00:00,32.7
2/19/2015 16:00:00,32.92
2/20/2015 16:00:00,33.17
2/23/2015 16:00:00,33.05
2/24/2015 16:00:00,33.1
2/25/2015 16:00:00,33.14
2/26/2015 16:00:00,33.2
2/27/2015 16:00:00,33.2
3/2/2015 16:00:00,33.49
3/3/2015 16:00:00,33.27
3/4/2015 16:00:00,33.1
3/5/2015 16:00:00,33.26
3/6/2015 16:00:00,32.8
3/9/2015 16:00:00,32.9
3/10/2015 16:00:00,32.37
3/11/2015 16:00:00,32.3
3/12/2015 16:00:00,32.63
3/13/2015 16:00:00,32.46
3/16/2015 16:00:00,32.93
3/17/2015 16:00:00,32.85
3/18/2015 16:00:00,33.15
3/19/2015 16:00:00,33.24
3/20/2015 16:00:00,33.56
3/23/2015 16:00:00,33.42
3/24/2015 16:00:00,33.2
3/25/2015 16:00:00,32.42
3/26/2015 16:00:00,32.19
3/27/2015 16:00:00,32.51
3/30/2015 16:00:00,32.91
3/31/2015 16:00:00,32.65
4/1/2015 16:00:00,32.35
4/2/2015 16:00:00,32.55
4/6/2015 16:00:00,32.72
4/7/2015 16:00:00,32.77
4/8/2015 16:00:00,32.92
4/9/2015 16:00:00,33.18
4/10/2015 16:00:00,33.31
4/13/2015 16:00:00,33.17
4/14/2015 16:00:00,33.07
4/15/2015 16:00:00,33.3
4/16/2015 16:00:00,33.25
4/17/2015 16:00:00,32.83
4/20/2015 16:00:00,33.15
4/21/2015 16:00:00,33.44
4/22/2015 16:00:00,33.56
4/23/2015 16:00:00,33.67
4/24/2015 16:00:00,33.67
4/27/2015 16:00:00,33.46
4/28/2015 16:00:00,33.43
4/29/2015 16:00:00,33.28
4/30/2015 16:00:00,32.83
5/1/2015 16:00:00,33.3
5/4/2015 16:00:00,33.39
5/5/2015 16:00:00,32.88
5/6/2015 16:00:00,32.7
5/7/2015 16:00:00,32.87
5/8/2015 16:00:00,33.15
5/11/2015 16:00:00,33.1
5/12/2015 16:00:00,32.98
5/13/2015 16:00:00,32.97
5/14/2015 16:00:00,33.38
5/15/2015 16:00:00,33.43
5/18/2015 16:00:00,33.59
5/19/2015 16:00:00,33.51
5/20/2015 16:00:00,33.45
5/21/2015 16:00:00,33.58
5/22/2015 16:00:00,33.58
5/26/2015 16:00:00,33.21
5/27/2015 16:00:00,33.73
5/28/2015 16:00:00,33.64
5/29/2015 16:00:00,33.53
6/1/2015 16:00:00,33.63
6/2/2015 16:00:00,33.55
6/3/2015 16:00:00,33.61
6/4/2015 16:00:00,33.35
6/5/2015 16:00:00,33.41
6/8/2015 16:00:00,33.08
6/9/2015 16:00:00,33.03
6/10/2015 16:00:00,33.45
6/11/2015 16:00:00,33.44
6/12/2015 16:00:00,33.21
6/15/2015 16:00:00,33.06
6/16/2015 16:00:00,33.26
6/17/2015 16:00:00,33.4
6/18/2015 16:00:00,33.87
6/19/2015 16:00:00,33.79
6/22/2015 16:00:00,33.94
6/23/2015 16:00:00,33.8
6/24/2015 16:00:00,33.52
6/25/2015 16:00:00,33.47
6/26/2015 16:00:00,33.19
6/29/2015 16:00:00,32.43
6/30/2015 16:00:00,32.57
7/1/2015 16:00:00,32.69
7/2/2015 16:00:00,32.77
7/6/2015 16:00:00,32.6
7/7/2015 16:00:00,32.76
7/8/2015 16:00:00,32.17
7/9/2015 16:00:00,32.27
7/10/2015 16:00:00,32.68
7/13/2015 16:00:00,33.12
7/14/2015 16:00:00,33.27
7/15/2015 16:00:00,33.16
7/16/2015 16:00:00,33.46
7/17/2015 16:00:00,33.49
7/20/2015 16:00:00,33.47
7/21/2015 16:00:00,33.42
7/22/2015 16:00:00,33.31
7/23/2015 16:00:00,33.32
7/24/2015 16:00:00,32.9
7/27/2015 16:00:00,32.55
7/28/2015 16:00:00,32.94
7/29/2015 16:00:00,33.2
7/30/2015 16:00:00,33.36
7/31/2015 16:00:00,33.31
8/3/2015 16:00:00,33.2
8/4/2015 16:00:00,33.31
8/5/2015 16:00:00,33.57
8/6/2015 16:00:00,32.93
8/7/2015 16:00:00,32.91
8/10/2015 16:00:00,33.3
8/11/2015 16:00:00,32.88
8/12/2015 16:00:00,32.9
8/13/2015 16:00:00,32.8
8/14/2015 16:00:00,32.79
8/17/2015 16:00:00,33.11
8/18/2015 16:00:00,32.89
8/19/2015 16:00:00,32.63
8/20/2015 16:00:00,31.75
8/21/2015 16:00:00,30.71
8/24/2015 16:00:00,29.54
8/25/2015 16:00:00,29.6
8/26/2015 16:00:00,30.56
8/27/2015 16:00:00,31.23
8/28/2015 16:00:00,31.4
8/31/2015 16:00:00,31.11
9/1/2015 16:00:00,30.23
9/2/2015 16:00:00,30.81
9/3/2015 16:00:00,30.81
9/4/2015 16:00:00,30.41
9/8/2015 16:00:00,31.24
9/9/2015 16:00:00,30.95
9/10/2015 16:00:00,31.04
9/11/2015 16:00:00,31.2
9/14/2015 16:00:00,31.06
9/15/2015 16:00:00,31.49
9/16/2015 16:00:00,31.69
9/17/2015 16:00:00,31.66
9/18/2015 16:00:00,31.21
9/21/2015 16:00:00,31.22
9/22/2015 16:00:00,30.6
9/23/2015 16:00:00,30.51
9/24/2015 16:00:00,30.35
9/25/2015 16:00:00,30.21
9/28/2015 16:00:00,29.28
9/29/2015 16:00:00,29.26
9/30/2015 16:00:00,29.93
10/1/2015 16:00:00,29.86
10/2/2015 16:00:00,30.52
10/5/2015 16:00:00,31.06
10/6/2015 16:00:00,30.9
10/7/2015 16:00:00,31.15
10/8/2015 16:00:00,31.4
10/9/2015 16:00:00,31.48
10/12/2015 16:00:00,31.51
10/13/2015 16:00:00,31.17
10/14/2015 16:00:00,31.36
10/15/2015 16:00:00,31.69
10/16/2015 16:00:00,31.79
10/19/2015 16:00:00,31.84
10/20/2015 16:00:00,31.77
10/21/2015 16:00:00,31.57
10/22/2015 16:00:00,32.26
10/23/2015 16:00:00,32.59
10/26/2015 16:00:00,32.57
10/27/2015 16:00:00,32.57
10/28/2015 16:00:00,32.73
10/29/2015 16:00:00,32.56
10/30/2015 16:00:00,32.67
11/2/2015 16:00:00,32.91
11/3/2015 16:00:00,33.03
11/4/2015 16:00:00,32.89
11/5/2015 16:00:00,32.81
11/6/2015 16:00:00,32.84
11/9/2015 16:00:00,32.51
11/10/2015 16:00:00,32.44
11/11/2015 16:00:00,32.35
11/12/2015 16:00:00,32.04
11/13/2015 16:00:00,31.52
11/16/2015 16:00:00,31.93
11/17/2015 16:00:00,32.03
11/18/2015 16:00:00,32.5
11/19/2015 16:00:00,32.52
11/20/2015 16:00:00,32.63
11/23/2015 16:00:00,32.53
11/24/2015 16:00:00,32.57
11/25/2015 16:00:00,32.74
11/27/2015 16:00:00,32.79
11/30/2015 16:00:00,32.78
12/1/2015 16:00:00,33.12
12/2/2015 16:00:00,32.9
12/3/2015 16:00:00,32.3
12/4/2015 16:00:00,32.96
12/7/2015 16:00:00,32.95
12/8/2015 16:00:00,32.92
12/9/2015 16:00:00,32.48
12/10/2015 16:00:00,32.67
12/11/2015 16:00:00,31.99
12/14/2015 16:00:00,32.02
12/15/2015 16:00:00,32.48
12/16/2015 16:00:00,32.92
12/17/2015 16:00:00,32.37
12/18/2015 16:00:00,31.88
12/21/2015 16:00:00,32.2
12/22/2015 16:00:00,32.42
12/23/2015 16:00:00,32.67
12/24/2015 16:00:00,32.75
12/28/2015 16:00:00,32.6
12/29/2015 16:00:00,33.03
12/30/2015 16:00:00,32.78
12/31/2015 16:00:00,32.46
1/4/2016 16:00:00,31.82
1/5/2016 16:00:00,31.83
1/6/2016 16:00:00,31.39
1/7/2016 16:00:00,30.58
1/8/2016 16:00:00,30.19
1/11/2016 16:00:00,30.15
1/12/2016 16:00:00,30.5
1/13/2016 16:00:00,29.37
1/14/2016 16:00:00,29.92
1/15/2016 16:00:00,29.03
1/19/2016 16:00:00,29.05
1/20/2016 16:00:00,29.01
1/21/2016 16:00:00,29.09
1/22/2016 16:00:00,29.71
1/25/2016 16:00:00,29.24
1/26/2016 16:00:00,29.6
1/27/2016 16:00:00,29.02
1/28/2016 16:00:00,29.03
1/29/2016 16:00:00,29.8
2/1/2016 16:00:00,29.96
2/2/2016 16:00:00,29.08
2/3/2016 16:00:00,29.16
2/4/2016 16:00:00,29.34
2/5/2016 16:00:00,28.32
2/8/2016 16:00:00,27.45
2/9/2016 16:00:00,27.46
2/10/2016 16:00:00,27.93
2/11/2016 16:00:00,27.64
2/12/2016 16:00:00,28.04
2/16/2016 16:00:00,28.71
2/17/2016 16:00:00,29.39
2/18/2016 16:00:00,29.21
2/19/2016 16:00:00,29.37
2/22/2016 16:00:00,29.84
2/23/2016 16:00:00,29.45
2/24/2016 16:00:00,29.75
2/25/2016 16:00:00,30
2/26/2016 16:00:00,30.07
2/29/2016 16:00:00,29.95
3/1/2016 16:00:00,30.64
3/2/2016 16:00:00,30.7
3/3/2016 16:00:00,30.76
3/4/2016 16:00:00,30.74
3/7/2016 16:00:00,30.82
3/8/2016 16:00:00,30.34
3/9/2016 16:00:00,30.49
3/10/2016 16:00:00,30.54
3/11/2016 16:00:00,31.05
3/14/2016 16:00:00,31.11
3/15/2016 16:00:00,30.83
3/16/2016 16:00:00,31.08
3/17/2016 16:00:00,31.14
3/18/2016 16:00:00,31.38
3/21/2016 16:00:00,31.48
3/22/2016 16:00:00,31.34
3/23/2016 16:00:00,30.92
3/24/2016 16:00:00,30.86
3/28/2016 16:00:00,30.83
3/29/2016 16:00:00,31.26
3/30/2016 16:00:00,31.38
3/31/2016 16:00:00,31.43
4/1/2016 16:00:00,31.68
4/4/2016 16:00:00,31.51
4/5/2016 16:00:00,31.2
4/6/2016 16:00:00,31.75
4/7/2016 16:00:00,31.26
4/8/2016 16:00:00,31.25
4/11/2016 16:00:00,31.12
4/12/2016 16:00:00,31.31
4/13/2016 16:00:00,31.82
4/14/2016 16:00:00,31.7
4/15/2016 16:00:00,31.59
4/18/2016 16:00:00,31.82
4/19/2016 16:00:00,31.52
4/20/2016 16:00:00,31.64
4/21/2016 16:00:00,31.67
4/22/2016 16:00:00,31.61
4/25/2016 16:00:00,31.44
4/26/2016 16:00:00,31.52
4/27/2016 16:00:00,31.68
4/28/2016 16:00:00,31.21
4/29/2016 16:00:00,30.75
5/2/2016 16:00:00,30.95
5/3/2016 16:00:00,30.66
5/4/2016 16:00:00,30.35
5/5/2016 16:00:00,30.31
5/6/2016 16:00:00,30.36
5/9/2016 16:00:00,30.51
5/10/2016 16:00:00,30.85
5/11/2016 16:00:00,30.5
5/12/2016 16:00:00,30.4
5/13/2016 16:00:00,30.24
5/16/2016 16:00:00,30.61
5/17/2016 16:00:00,30.35
5/18/2016 16:00:00,30.46
5/19/2016 16:00:00,30.31
5/20/2016 16:00:00,30.69
5/23/2016 16:00:00,30.68
5/24/2016 16:00:00,31.35
5/25/2016 16:00:00,31.49
5/26/2016 16:00:00,31.57
5/27/2016 16:00:00,31.84
5/31/2016 16:00:00,31.97
6/1/2016 16:00:00,32.01
6/2/2016 16:00:00,32.24
6/3/2016 16:00:00,32.08
6/6/2016 16:00:00,32.18
6/7/2016 16:00:00,32.21
6/8/2016 16:00:00,32.1
6/9/2016 16:00:00,31.99
6/10/2016 16:00:00,31.45
6/13/2016 16:00:00,31.23
6/14/2016 16:00:00,31.21
6/15/2016 16:00:00,31.33
6/16/2016 16:00:00,31.18
6/17/2016 16:00:00,31.09
6/20/2016 16:00:00,31.52
6/21/2016 16:00:00,31.32
6/22/2016 16:00:00,31.25
6/23/2016 16:00:00,31.81
6/24/2016 16:00:00,30.49
6/27/2016 16:00:00,29.51
6/28/2016 16:00:00,30.19
6/29/2016 16:00:00,30.87
6/30/2016 16:00:00,31.21
7/1/2016 16:00:00,31.41
7/5/2016 16:00:00,31
7/6/2016 16:00:00,31.29
7/7/2016 16:00:00,31.51
7/8/2016 16:00:00,32.07
7/11/2016 16:00:00,32.26
7/12/2016 16:00:00,32.59
7/13/2016 16:00:00,32.54
7/14/2016 16:00:00,32.73
7/15/2016 16:00:00,32.71
7/18/2016 16:00:00,32.81
7/19/2016 16:00:00,32.61
7/20/2016 16:00:00,32.94
7/21/2016 16:00:00,32.84
7/22/2016 16:00:00,33.05
7/25/2016 16:00:00,33.15
7/26/2016 16:00:00,33.41
7/27/2016 16:00:00,33.4
7/28/2016 16:00:00,33.49
7/29/2016 16:00:00,33.29
8/1/2016 16:00:00,33.39
8/2/2016 16:00:00,33.03
8/3/2016 16:00:00,33.15
8/4/2016 16:00:00,33.19
8/5/2016 16:00:00,33.47
8/8/2016 16:00:00,33.35
8/9/2016 16:00:00,33.43
8/10/2016 16:00:00,33.29
8/11/2016 16:00:00,33.53
8/12/2016 16:00:00,33.61
8/15/2016 16:00:00,33.88
8/16/2016 16:00:00,33.64
8/17/2016 16:00:00,33.63
8/18/2016 16:00:00,33.78
8/19/2016 16:00:00,33.85
8/22/2016 16:00:00,33.92
8/23/2016 16:00:00,34.03
8/24/2016 16:00:00,33.67
8/25/2016 16:00:00,33.66
8/26/2016 16:00:00,33.67
8/29/2016 16:00:00,33.82
8/30/2016 16:00:00,33.7
8/31/2016 16:00:00,33.65
9/1/2016 16:00:00,33.73
9/2/2016 16:00:00,33.81
9/6/2016 16:00:00,33.93
9/7/2016 16:00:00,33.96
9/8/2016 16:00:00,33.82
9/9/2016 16:00:00,32.91
9/12/2016 16:00:00,33.52
9/13/2016 16:00:00,33.09
9/14/2016 16:00:00,33.13
9/15/2016 16:00:00,33.55
9/16/2016 16:00:00,33.48
9/19/2016 16:00:00,33.42
9/20/2016 16:00:00,33.37
9/21/2016 16:00:00,33.77
9/22/2016 16:00:00,34.01
9/23/2016 16:00:00,33.83
9/26/2016 16:00:00,33.55
9/27/2016 16:00:00,33.94
9/28/2016 16:00:00,33.78
9/29/2016 16:00:00,33.77
9/30/2016 16:00:00,34.03
10/3/2016 16:00:00,34.05
10/4/2016 16:00:00,34
10/5/2016 16:00:00,34.15
10/6/2016 16:00:00,34.07
10/7/2016 16:00:00,33.94
10/10/2016 16:00:00,34.09
10/11/2016 16:00:00,33.37
10/12/2016 16:00:00,33.28
10/13/2016 16:00:00,33.24
10/14/2016 16:00:00,33.26
10/17/2016 16:00:00,33.08
10/18/2016 16:00:00,33.45
10/19/2016 16:00:00,33.48
10/20/2016 16:00:00,33.49
10/21/2016 16:00:00,33.5
10/24/2016 16:00:00,33.8
10/25/2016 16:00:00,33.65
10/26/2016 16:00:00,33.69
10/27/2016 16:00:00,33.38
10/28/2016 16:00:00,33.3
10/31/2016 16:00:00,33.48
11/1/2016 16:00:00,33.1
11/2/2016 16:00:00,32.97
11/3/2016 16:00:00,32.72
11/4/2016 16:00:00,32.66
11/7/2016 16:00:00,33.41
11/8/2016 16:00:00,33.64
11/9/2016 16:00:00,33.89
11/10/2016 16:00:00,33.6
11/11/2016 16:00:00,33.74
11/14/2016 16:00:00,33.71
11/15/2016 16:00:00,34.08
11/16/2016 16:00:00,34.1
11/17/2016 16:00:00,34.44
11/18/2016 16:00:00,34.35
11/21/2016 16:00:00,34.56
11/22/2016 16:00:00,34.67
11/23/2016 16:00:00,34.6
11/25/2016 16:00:00,34.78
11/28/2016 16:00:00,34.67
11/29/2016 16:00:00,34.74
11/30/2016 16:00:00,34.5
12/1/2016 16:00:00,33.69
12/2/2016 16:00:00,33.8
12/5/2016 16:00:00,34.06
12/6/2016 16:00:00,34.1
12/7/2016 16:00:00,34.67
12/8/2016 16:00:00,34.78
12/9/2016 16:00:00,34.81
12/12/2016 16:00:00,34.6
12/13/2016 16:00:00,34.97
12/14/2016 16:00:00,34.9
12/15/2016 16:00:00,35.05
12/16/2016 16:00:00,34.9
12/19/2016 16:00:00,34.83
12/20/2016 16:00:00,34.91
12/21/2016 16:00:00,34.98
12/22/2016 16:00:00,34.77
12/23/2016 16:00:00,34.88
12/27/2016 16:00:00,35.14
12/28/2016 16:00:00,34.79
12/29/2016 16:00:00,34.69
12/30/2016 16:00:00,34.37
1/3/2017 16:00:00,34.74
1/4/2017 16:00:00,35.11
1/5/2017 16:00:00,35.22
1/6/2017 16:00:00,35.39
1/9/2017 16:00:00,35.51
1/10/2017 16:00:00,35.72
1/11/2017 16:00:00,35.74
1/12/2017 16:00:00,35.66
1/13/2017 16:00:00,35.83
1/17/2017 16:00:00,35.71
1/18/2017 16:00:00,35.86
1/19/2017 16:00:00,35.83
1/20/2017 16:00:00,35.93
1/23/2017 16:00:00,35.91
1/24/2017 16:00:00,36.26
1/25/2017 16:00:00,36.58
1/26/2017 16:00:00,36.46
1/27/2017 16:00:00,36.58
1/30/2017 16:00:00,36.42
1/31/2017 16:00:00,36.48
2/1/2017 16:00:00,36.49
2/2/2017 16:00:00,36.49
2/3/2017 16:00:00,36.65
2/6/2017 16:00:00,36.67
2/7/2017 16:00:00,36.79
2/8/2017 16:00:00,36.87
2/9/2017 16:00:00,37.02
2/10/2017 16:00:00,37.18
2/13/2017 16:00:00,37.35
2/14/2017 16:00:00,37.3
2/15/2017 16:00:00,37.67
2/16/2017 16:00:00,37.56
2/17/2017 16:00:00,37.78
2/21/2017 16:00:00,37.98
2/22/2017 16:00:00,37.96
2/23/2017 16:00:00,37.68
2/24/2017 16:00:00,37.85
2/27/2017 16:00:00,37.95
2/28/2017 16:00:00,37.78
3/1/2017 16:00:00,38.22
3/2/2017 16:00:00,38.04
3/3/2017 16:00:00,38.14
3/6/2017 16:00:00,38.02
3/7/2017 16:00:00,37.79
3/8/2017 16:00:00,37.99
3/9/2017 16:00:00,37.96
3/10/2017 16:00:00,38.14
3/13/2017 16:00:00,38.32
3/14/2017 16:00:00,38.16
3/15/2017 16:00:00,38.5
3/16/2017 16:00:00,38.4
3/17/2017 16:00:00,38.54
3/20/2017 16:00:00,38.37
3/21/2017 16:00:00,37.66
3/22/2017 16:00:00,37.9
3/23/2017 16:00:00,37.89
3/24/2017 16:00:00,38.12
3/27/2017 16:00:00,38.17
3/28/2017 16:00:00,38.35
3/29/2017 16:00:00,38.46
3/30/2017 16:00:00,38.49
3/31/2017 16:00:00,38.48
4/3/2017 16:00:00,38.31
4/4/2017 16:00:00,38.31
4/5/2017 16:00:00,38.16
4/6/2017 16:00:00,38.28
4/7/2017 16:00:00,38.31
4/10/2017 16:00:00,38.39
4/11/2017 16:00:00,38.26
4/12/2017 16:00:00,37.99
4/13/2017 16:00:00,37.86
4/17/2017 16:00:00,38.03
4/18/2017 16:00:00,37.98
4/19/2017 16:00:00,38.1
4/20/2017 16:00:00,38.51
4/21/2017 16:00:00,38.37
4/24/2017 16:00:00,38.81
4/25/2017 16:00:00,39.07
4/26/2017 16:00:00,39.03
4/27/2017 16:00:00,39.22
4/28/2017 16:00:00,39.06
5/1/2017 16:00:00,39.27
5/2/2017 16:00:00,39.31
5/3/2017 16:00:00,39.14
5/4/2017 16:00:00,39.18
5/5/2017 16:00:00,39.32
5/8/2017 16:00:00,39.16
5/9/2017 16:00:00,39.44
5/10/2017 16:00:00,39.56
5/11/2017 16:00:00,39.46
5/12/2017 16:00:00,39.41
5/15/2017 16:00:00,39.62
5/16/2017 16:00:00,39.7
5/17/2017 16:00:00,38.83
5/18/2017 16:00:00,39.15
5/19/2017 16:00:00,39.43
5/22/2017 16:00:00,39.8
5/23/2017 16:00:00,39.7
5/24/2017 16:00:00,39.89
5/25/2017 16:00:00,40.22
5/26/2017 16:00:00,40.22
5/30/2017 16:00:00,40.29
5/31/2017 16:00:00,40.37
6/1/2017 16:00:00,40.68
6/2/2017 16:00:00,41
6/5/2017 16:00:00,40.92
6/6/2017 16:00:00,40.73
6/7/2017 16:00:00,40.86
6/8/2017 16:00:00,41.03
6/9/2017 16:00:00,40.21
6/12/2017 16:00:00,40.05
6/13/2017 16:00:00,40.3
6/14/2017 16:00:00,40.13
6/15/2017 16:00:00,39.91
6/16/2017 16:00:00,39.89
6/19/2017 16:00:00,40.48
6/20/2017 16:00:00,40.02
6/21/2017 16:00:00,40.53
6/22/2017 16:00:00,40.55
6/23/2017 16:00:00,40.7
6/26/2017 16:00:00,40.52
6/27/2017 16:00:00,39.82
6/28/2017 16:00:00,40.45
6/29/2017 16:00:00,39.69
6/30/2017 16:00:00,39.81
7/3/2017 16:00:00,39.49
7/5/2017 16:00:00,39.73
7/6/2017 16:00:00,39.3
7/7/2017 16:00:00,39.75
7/10/2017 16:00:00,39.88
7/11/2017 16:00:00,39.92
7/12/2017 16:00:00,40.42
7/13/2017 16:00:00,40.48
7/14/2017 16:00:00,40.7
7/17/2017 16:00:00,40.62
7/18/2017 16:00:00,40.8
7/19/2017 16:00:00,41.1
7/20/2017 16:00:00,41.18
7/21/2017 16:00:00,41.13
7/24/2017 16:00:00,41.17
7/25/2017 16:00:00,41.09
7/26/2017 16:00:00,41.18
7/27/2017 16:00:00,41.06
7/28/2017 16:00:00,41.07
7/31/2017 16:00:00,40.96
8/1/2017 16:00:00,40.92
8/2/2017 16:00:00,40.71
8/3/2017 16:00:00,40.56
8/4/2017 16:00:00,40.47
8/7/2017 16:00:00,40.75
8/8/2017 16:00:00,40.5
8/9/2017 16:00:00,40.37
8/10/2017 16:00:00,39.51
8/11/2017 16:00:00,39.78
8/14/2017 16:00:00,40.16
8/15/2017 16:00:00,40.15
8/16/2017 16:00:00,40.23
8/17/2017 16:00:00,39.45
8/18/2017 16:00:00,39.37
8/21/2017 16:00:00,39.43
8/22/2017 16:00:00,40
8/23/2017 16:00:00,39.87
8/24/2017 16:00:00,39.87
8/25/2017 16:00:00,39.85
8/28/2017 16:00:00,39.88
8/29/2017 16:00:00,40.03
8/30/2017 16:00:00,40.53
8/31/2017 16:00:00,40.93
9/1/2017 16:00:00,41.04
9/5/2017 16:00:00,40.58
9/6/2017 16:00:00,40.82
9/7/2017 16:00:00,40.82
9/8/2017 16:00:00,40.68
9/11/2017 16:00:00,41.13
9/12/2017 16:00:00,41.22
9/13/2017 16:00:00,41.28
9/14/2017 16:00:00,41.21
9/15/2017 16:00:00,41.29
9/18/2017 16:00:00,41.36
9/19/2017 16:00:00,41.21
9/20/2017 16:00:00,41.08
9/21/2017 16:00:00,40.97
9/22/2017 16:00:00,41.1
9/25/2017 16:00:00,40.8
9/26/2017 16:00:00,40.81
9/27/2017 16:00:00,41.12
9/28/2017 16:00:00,41.04
9/29/2017 16:00:00,41.4
10/2/2017 16:00:00,41.46
10/3/2017 16:00:00,41.59
10/4/2017 16:00:00,41.76
10/5/2017 16:00:00,42.02
10/6/2017 16:00:00,41.94
10/9/2017 16:00:00,41.74
10/10/2017 16:00:00,41.86
10/11/2017 16:00:00,41.83
10/12/2017 16:00:00,41.7
10/13/2017 16:00:00,41.89
10/16/2017 16:00:00,41.88
10/17/2017 16:00:00,41.94
10/18/2017 16:00:00,41.91
10/19/2017 16:00:00,41.9
10/20/2017 16:00:00,42.08
10/23/2017 16:00:00,41.87
10/24/2017 16:00:00,41.88
10/25/2017 16:00:00,41.68
10/26/2017 16:00:00,41.6
10/27/2017 16:00:00,41.84
10/30/2017 16:00:00,41.75
10/31/2017 16:00:00,41.89
11/1/2017 16:00:00,41.73
11/2/2017 16:00:00,41.56
11/3/2017 16:00:00,41.92
11/6/2017 16:00:00,41.99
11/7/2017 16:00:00,41.99
11/8/2017 16:00:00,42.11
11/9/2017 16:00:00,41.84
11/10/2017 16:00:00,41.94
11/13/2017 16:00:00,42.07
11/14/2017 16:00:00,41.95
11/15/2017 16:00:00,41.87
11/16/2017 16:00:00,42.51
11/17/2017 16:00:00,42.62
11/20/2017 16:00:00,42.56
11/21/2017 16:00:00,42.87
11/22/2017 16:00:00,42.92
11/24/2017 13:00:00,42.9
11/27/2017 16:00:00,42.75
11/28/2017 16:00:00,43.03
11/29/2017 16:00:00,42.55
11/30/2017 16:00:00,42.87
12/1/2017 16:00:00,42.63
12/4/2017 16:00:00,42.47
12/5/2017 16:00:00,42.4
12/6/2017 16:00:00,42.4
12/7/2017 16:00:00,42.54
12/8/2017 16:00:00,42.87
12/11/2017 16:00:00,43.01
12/12/2017 16:00:00,43.03
12/13/2017 16:00:00,43.21
12/14/2017 16:00:00,43.11
12/15/2017 16:00:00,43.48
12/18/2017 16:00:00,43.85
12/19/2017 16:00:00,43.64
12/20/2017 16:00:00,43.61
12/21/2017 16:00:00,43.61
12/22/2017 16:00:00,43.5
12/26/2017 16:00:00,43.38
12/27/2017 16:00:00,43.43
12/28/2017 16:00:00,43.5
12/29/2017 16:00:00,43.19
1/2/2018 16:00:00,43.93
1/3/2018 16:00:00,44.4
1/4/2018 16:00:00,44.42
1/5/2018 16:00:00,44.78
1/8/2018 16:00:00,45.02
1/9/2018 16:00:00,45
1/10/2018 16:00:00,44.83
1/11/2018 16:00:00,45.15
1/12/2018 16:00:00,45.47
1/16/2018 16:00:00,45.36
1/17/2018 16:00:00,45.84
1/18/2018 16:00:00,45.86
1/19/2018 16:00:00,46
1/22/2018 16:00:00,46.35
1/23/2018 16:00:00,46.69
1/24/2018 16:00:00,46.4
1/25/2018 16:00:00,46.36
1/26/2018 16:00:00,46.95
1/29/2018 16:00:00,46.87
1/30/2018 16:00:00,46.37
1/31/2018 16:00:00,46.34
2/1/2018 16:00:00,46.03
2/2/2018 16:00:00,45.21
2/5/2018 16:00:00,43.44
2/6/2018 16:00:00,44.15
2/7/2018 16:00:00,44.17
2/8/2018 16:00:00,42.15
2/9/2018 16:00:00,42.7
2/12/2018 16:00:00,43.39
2/13/2018 16:00:00,43.4
2/14/2018 16:00:00,44.24
2/15/2018 16:00:00,44.89
2/16/2018 16:00:00,44.84
2/20/2018 16:00:00,44.72
2/21/2018 16:00:00,44.62
2/22/2018 16:00:00,44.51
2/23/2018 16:00:00,45.34
2/26/2018 16:00:00,45.84
2/27/2018 16:00:00,45.35
2/28/2018 16:00:00,45.1
3/1/2018 16:00:00,44.39
3/2/2018 16:00:00,44.85
3/5/2018 16:00:00,45.31
3/6/2018 16:00:00,45.61
3/7/2018 16:00:00,45.77
3/8/2018 16:00:00,46.12
3/9/2018 16:00:00,46.95
3/12/2018 16:00:00,47.14
3/13/2018 16:00:00,46.58
3/14/2018 16:00:00,46.5
3/15/2018 16:00:00,46.45
3/16/2018 16:00:00,46.5
3/19/2018 16:00:00,45.56
3/20/2018 16:00:00,45.57
3/21/2018 16:00:00,45.5
3/22/2018 16:00:00,44.46
3/23/2018 16:00:00,43.32
3/26/2018 16:00:00,44.59
3/27/2018 16:00:00,43.5
3/28/2018 16:00:00,43.34
3/29/2018 16:00:00,43.99
4/2/2018 16:00:00,42.81
4/3/2018 16:00:00,43.23
4/4/2018 16:00:00,43.95
4/5/2018 16:00:00,43.99
4/6/2018 16:00:00,42.91
4/9/2018 16:00:00,43.21
4/10/2018 16:00:00,43.98
4/11/2018 16:00:00,43.62
4/12/2018 16:00:00,44.17
4/13/2018 16:00:00,43.86
4/16/2018 16:00:00,44.22
4/17/2018 16:00:00,44.86
4/18/2018 16:00:00,45.05
4/19/2018 16:00:00,44.32
4/20/2018 16:00:00,43.86
4/23/2018 16:00:00,43.81
4/24/2018 16:00:00,43.25
4/25/2018 16:00:00,43.17
4/26/2018 16:00:00,43.96
4/27/2018 16:00:00,43.93
4/30/2018 16:00:00,43.63
5/1/2018 16:00:00,43.64
5/2/2018 16:00:00,43.28
5/3/2018 16:00:00,43.18
5/4/2018 16:00:00,43.88
5/7/2018 16:00:00,44.22
5/8/2018 16:00:00,44.03
5/9/2018 16:00:00,44.48
5/10/2018 16:00:00,44.94
5/11/2018 16:00:00,44.8
5/14/2018 16:00:00,44.94
5/15/2018 16:00:00,44.58
5/16/2018 16:00:00,45
5/17/2018 16:00:00,44.9
5/18/2018 16:00:00,44.71
5/21/2018 16:00:00,44.75
5/22/2018 16:00:00,44.63
5/23/2018 16:00:00,44.85
5/24/2018 16:00:00,44.95
5/25/2018 16:00:00,44.93
5/29/2018 16:00:00,44.7
5/30/2018 16:00:00,45.08
5/31/2018 16:00:00,44.7
6/1/2018 16:00:00,45.27
6/4/2018 16:00:00,45.6
6/5/2018 16:00:00,45.7
6/6/2018 16:00:00,46.04
6/7/2018 16:00:00,45.85
6/8/2018 16:00:00,45.97
6/11/2018 16:00:00,46.13
6/12/2018 16:00:00,46.38
6/13/2018 16:00:00,46.44
6/14/2018 16:00:00,46.82
6/15/2018 16:00:00,46.9
6/18/2018 16:00:00,46.6
6/19/2018 16:00:00,46.27
6/20/2018 16:00:00,46.62
6/21/2018 16:00:00,46.23
6/22/2018 16:00:00,46.21
6/25/2018 16:00:00,45.24
6/26/2018 16:00:00,45.24
6/27/2018 16:00:00,44.57
6/28/2018 16:00:00,44.93
6/29/2018 16:00:00,45.15
7/2/2018 16:00:00,45.3
7/3/2018 13:00:00,45.01
7/5/2018 16:00:00,45.51
7/6/2018 16:00:00,46.21
7/9/2018 16:00:00,46.55
7/10/2018 16:00:00,46.72
7/11/2018 16:00:00,46.34
7/12/2018 16:00:00,47.09
7/13/2018 16:00:00,47.04
7/16/2018 16:00:00,46.95
7/17/2018 16:00:00,47.22
7/18/2018 16:00:00,47.24
7/19/2018 16:00:00,47.05
7/20/2018 16:00:00,46.85
7/23/2018 16:00:00,46.99
7/24/2018 16:00:00,46.7
7/25/2018 16:00:00,47.31
7/26/2018 16:00:00,47.28
7/27/2018 16:00:00,46.77
7/30/2018 16:00:00,46.19
7/31/2018 16:00:00,46.57
8/1/2018 16:00:00,46.32
8/2/2018 16:00:00,46.72
8/3/2018 16:00:00,46.82
8/6/2018 16:00:00,47.07
8/7/2018 16:00:00,47.2
8/8/2018 16:00:00,47.17
8/9/2018 16:00:00,46.99
8/10/2018 16:00:00,46.55
8/13/2018 16:00:00,46.51
8/14/2018 16:00:00,46.64
8/15/2018 16:00:00,46.02
8/16/2018 16:00:00,46.35
8/17/2018 16:00:00,46.3
8/20/2018 16:00:00,46.52
8/21/2018 16:00:00,46.8
8/22/2018 16:00:00,46.93
8/23/2018 16:00:00,46.76
8/24/2018 16:00:00,47.22
8/27/2018 16:00:00,47.61
8/28/2018 16:00:00,47.65
8/29/2018 16:00:00,47.92
8/30/2018 16:00:00,47.53
8/31/2018 16:00:00,47.54
9/4/2018 16:00:00,47.3
9/5/2018 16:00:00,46.97
9/6/2018 16:00:00,46.67
9/7/2018 16:00:00,46.53
9/10/2018 16:00:00,46.78
9/11/2018 16:00:00,46.8
9/12/2018 16:00:00,46.73
9/13/2018 16:00:00,47.2
9/14/2018 16:00:00,47.21
9/17/2018 16:00:00,46.71
9/18/2018 16:00:00,47.14
9/19/2018 16:00:00,47.1
9/20/2018 16:00:00,47.6
9/21/2018 16:00:00,47.5
9/24/2018 16:00:00,47.26
9/25/2018 16:00:00,47.14
9/26/2018 16:00:00,47.06
9/27/2018 16:00:00,47.43
9/28/2018 16:00:00,47.3
10/1/2018 16:00:00,47.23
10/2/2018 16:00:00,47.1
10/3/2018 16:00:00,47.25
10/4/2018 16:00:00,46.38
10/5/2018 16:00:00,45.71
10/8/2018 16:00:00,45.47
10/9/2018 16:00:00,45.35
10/10/2018 16:00:00,43.87
10/11/2018 16:00:00,43.35
10/12/2018 16:00:00,44.26
10/15/2018 16:00:00,43.84
10/16/2018 16:00:00,45.22
10/17/2018 16:00:00,45.18
10/18/2018 16:00:00,44.21
10/19/2018 16:00:00,43.99
10/22/2018 16:00:00,43.88
10/23/2018 16:00:00,43.73
10/24/2018 16:00:00,41.76
10/25/2018 16:00:00,42.93
10/26/2018 16:00:00,41.97
10/29/2018 16:00:00,41.83
10/30/2018 16:00:00,42.55
10/31/2018 16:00:00,43.26
11/1/2018 16:00:00,44.29
11/2/2018 16:00:00,43.99
11/5/2018 16:00:00,43.95
11/6/2018 16:00:00,44.26
11/7/2018 16:00:00,45.41
11/8/2018 16:00:00,45
11/9/2018 16:00:00,44.44
11/12/2018 16:00:00,43.39
11/13/2018 16:00:00,43.44
11/14/2018 16:00:00,43.39
11/15/2018 16:00:00,44.22
11/16/2018 16:00:00,44
11/19/2018 16:00:00,42.94
11/20/2018 16:00:00,42.22
11/21/2018 16:00:00,42.62
11/23/2018 13:00:00,42.66
11/26/2018 16:00:00,43.36
11/27/2018 16:00:00,43.45
11/28/2018 16:00:00,44.64
11/29/2018 16:00:00,44.54
11/30/2018 16:00:00,44.58
12/3/2018 16:00:00,45.13
12/4/2018 16:00:00,43.75
12/6/2018 16:00:00,43.78
12/7/2018 16:00:00,42.46
12/10/2018 16:00:00,42.77
12/11/2018 16:00:00,42.98
12/12/2018 16:00:00,43.33
12/13/2018 16:00:00,43.12
12/14/2018 16:00:00,42.33
12/17/2018 16:00:00,41.46
12/18/2018 16:00:00,41.58
12/19/2018 16:00:00,40.69
12/20/2018 16:00:00,39.92
12/21/2018 16:00:00,39.07
12/24/2018 13:00:00,38.25
12/26/2018 16:00:00,40.36
12/27/2018 16:00:00,40.53
12/28/2018 16:00:00,40.44
12/31/2018 16:00:00,40.56
1/2/2019 16:00:00,40.82
1/3/2019 16:00:00,39.65
1/4/2019 16:00:00,41.52
1/7/2019 16:00:00,41.94
1/8/2019 16:00:00,42.31
1/9/2019 16:00:00,42.81
1/10/2019 16:00:00,43.09
1/11/2019 16:00:00,43.01
1/14/2019 16:00:00,42.6
1/15/2019 16:00:00,43.05
1/16/2019 16:00:00,43.09
1/17/2019 16:00:00,43.45
1/18/2019 16:00:00,44.19
1/22/2019 16:00:00,43.26
1/23/2019 16:00:00,43.2
1/24/2019 16:00:00,43.86
1/25/2019 16:00:00,44.68
1/28/2019 16:00:00,44.24
1/29/2019 16:00:00,44.02
1/30/2019 16:00:00,44.94
1/31/2019 16:00:00,45.46
2/1/2019 16:00:00,45.62
2/4/2019 16:00:00,45.9
2/5/2019 16:00:00,46.22
2/6/2019 16:00:00,46.26
2/7/2019 16:00:00,45.64
2/8/2019 16:00:00,45.79
2/11/2019 16:00:00,45.9
2/12/2019 16:00:00,46.64
2/13/2019 16:00:00,46.72
2/14/2019 16:00:00,46.78
2/15/2019 16:00:00,47.1
2/19/2019 16:00:00,47.04
2/20/2019 16:00:00,47.12
2/21/2019 16:00:00,46.81
2/22/2019 16:00:00,47.03
2/25/2019 16:00:00,47.36
2/26/2019 16:00:00,47.25
2/27/2019 16:00:00,47.04
2/28/2019 16:00:00,47.06
3/1/2019 16:00:00,47.43
3/4/2019 16:00:00,47.06
3/5/2019 16:00:00,47.1
3/6/2019 16:00:00,46.71
3/7/2019 16:00:00,46.1
3/8/2019 16:00:00,46.01
3/11/2019 16:00:00,46.88
3/12/2019 16:00:00,46.99
3/13/2019 16:00:00,47.36
3/14/2019 16:00:00,47.23
3/15/2019 16:00:00,47.64
3/18/2019 16:00:00,47.69
3/19/2019 16:00:00,47.71
3/20/2019 16:00:00,47.71
3/21/2019 16:00:00,48.4
3/22/2019 16:00:00,47.36
3/25/2019 16:00:00,47.25
3/26/2019 16:00:00,47.6
3/27/2019 16:00:00,47.22
3/28/2019 16:00:00,47.43
3/29/2019 16:00:00,47.84
4/1/2019 16:00:00,48.68
4/2/2019 16:00:00,48.78
4/3/2019 16:00:00,49.13
4/4/2019 16:00:00,49.02
4/5/2019 16:00:00,49.4
4/8/2019 16:00:00,49.5
4/9/2019 16:00:00,49.16
4/10/2019 16:00:00,49.4
4/11/2019 16:00:00,49.29
4/12/2019 16:00:00,49.63
4/15/2019 16:00:00,49.55
4/16/2019 16:00:00,49.66
4/17/2019 16:00:00,49.51
4/18/2019 16:00:00,49.42
4/22/2019 16:00:00,49.41
4/23/2019 16:00:00,50.04
4/24/2019 16:00:00,50.07
4/25/2019 16:00:00,49.94
4/26/2019 16:00:00,50
4/29/2019 16:00:00,50.1
4/30/2019 16:00:00,50.34
5/1/2019 16:00:00,49.79
5/2/2019 16:00:00,49.94
5/3/2019 16:00:00,50.57
5/6/2019 16:00:00,50.09
5/7/2019 16:00:00,49.01
5/8/2019 16:00:00,48.94
5/9/2019 16:00:00,48.87
5/10/2019 16:00:00,48.81
5/13/2019 16:00:00,47.24
5/14/2019 16:00:00,47.94
5/15/2019 16:00:00,48.33
5/16/2019 16:00:00,48.73
5/17/2019 16:00:00,48.2
5/20/2019 16:00:00,47.37
5/21/2019 16:00:00,47.92
5/22/2019 16:00:00,47.69
5/23/2019 16:00:00,46.96
5/24/2019 16:00:00,46.88
5/28/2019 16:00:00,46.64
5/29/2019 16:00:00,46.17
5/30/2019 16:00:00,46.34
5/31/2019 16:00:00,45.8
6/3/2019 16:00:00,45.39
6/4/2019 16:00:00,46.74
6/5/2019 16:00:00,47.06
6/6/2019 16:00:00,47.34
6/7/2019 16:00:00,47.95
6/10/2019 16:00:00,48.47
6/11/2019 16:00:00,48.44
6/12/2019 16:00:00,48.19
6/13/2019 16:00:00,48.42
6/14/2019 16:00:00,48.13
6/17/2019 16:00:00,48.18
6/18/2019 16:00:00,48.96
6/19/2019 16:00:00,49.34
6/20/2019 16:00:00,49.76
6/21/2019 16:00:00,49.61
6/24/2019 16:00:00,49.4
6/25/2019 16:00:00,48.69
6/26/2019 16:00:00,48.93
6/27/2019 16:00:00,49.35
6/28/2019 16:00:00,49.62
7/1/2019 16:00:00,50.35
7/2/2019 16:00:00,50.37
7/3/2019 13:00:00,50.74
7/5/2019 16:00:00,50.56
7/8/2019 16:00:00,50.21
7/9/2019 16:00:00,50.4
7/10/2019 16:00:00,50.71
7/11/2019 16:00:00,50.69
7/12/2019 16:00:00,51.04
7/15/2019 16:00:00,51.12
7/16/2019 16:00:00,50.82
7/17/2019 16:00:00,50.75
7/18/2019 16:00:00,50.99
7/19/2019 16:00:00,50.62
7/22/2019 16:00:00,50.85
7/23/2019 16:00:00,51.32
7/24/2019 16:00:00,51.83
7/25/2019 16:00:00,51.15
7/26/2019 16:00:00,51.46
7/29/2019 16:00:00,51.36
7/30/2019 16:00:00,51.24
7/31/2019 16:00:00,50.41
8/1/2019 16:00:00,50.1
8/2/2019 16:00:00,49.34
8/5/2019 16:00:00,47.51
8/6/2019 16:00:00,48.08
8/7/2019 16:00:00,48.37
8/8/2019 16:00:00,49.48
8/9/2019 16:00:00,48.95
8/12/2019 16:00:00,48.27
8/13/2019 16:00:00,49.23
8/14/2019 16:00:00,47.79
8/15/2019 16:00:00,47.76
8/16/2019 16:00:00,48.56
8/19/2019 16:00:00,49.3
8/20/2019 16:00:00,49.01
8/21/2019 16:00:00,49.37
8/22/2019 16:00:00,49.32
8/23/2019 16:00:00,47.79
8/26/2019 16:00:00,48.36
8/27/2019 16:00:00,48.31
8/28/2019 16:00:00,48.49
8/29/2019 16:00:00,49.25
8/30/2019 16:00:00,49.14
9/3/2019 16:00:00,48.65
9/4/2019 16:00:00,49.35
9/5/2019 16:00:00,50.26
9/6/2019 16:00:00,50.43
9/9/2019 16:00:00,50.37
9/10/2019 16:00:00,50.31
9/11/2019 16:00:00,50.72
9/12/2019 16:00:00,50.81
9/13/2019 16:00:00,50.79
9/16/2019 16:00:00,50.54
9/17/2019 16:00:00,50.72
9/18/2019 16:00:00,50.6
9/19/2019 16:00:00,50.52
9/20/2019 16:00:00,50.1
9/23/2019 16:00:00,50.09
9/24/2019 16:00:00,49.29
9/25/2019 16:00:00,49.81
9/26/2019 16:00:00,49.7
9/27/2019 16:00:00,48.97
9/30/2019 16:00:00,49.41
10/1/2019 16:00:00,48.92
10/2/2019 16:00:00,48.16
10/3/2019 16:00:00,48.67
10/4/2019 16:00:00,49.28
10/7/2019 16:00:00,49.04
10/8/2019 16:00:00,48.17
10/9/2019 16:00:00,48.7
10/10/2019 16:00:00,49.12
10/11/2019 16:00:00,49.95
10/14/2019 16:00:00,49.99
10/15/2019 16:00:00,50.64
10/16/2019 16:00:00,50.37
10/17/2019 16:00:00,50.54
10/18/2019 16:00:00,50.12
10/21/2019 16:00:00,50.46
10/22/2019 16:00:00,50.18
10/23/2019 16:00:00,50.08
10/24/2019 16:00:00,50.79
10/25/2019 16:00:00,51.12
10/28/2019 16:00:00,51.46
10/29/2019 16:00:00,51.45
10/30/2019 16:00:00,51.58
10/31/2019 16:00:00,51.33
11/1/2019 16:00:00,51.9
11/4/2019 16:00:00,52.25
11/5/2019 16:00:00,52.23
11/6/2019 16:00:00,52.06
11/7/2019 16:00:00,52.1
11/8/2019 16:00:00,52.32
11/11/2019 16:00:00,52.3
11/12/2019 16:00:00,52.28
11/13/2019 16:00:00,52.25
11/14/2019 16:00:00,52.21
11/15/2019 16:00:00,52.56
11/18/2019 16:00:00,52.51
11/19/2019 16:00:00,52.71
11/20/2019 16:00:00,52.32
11/21/2019 16:00:00,52.22
11/22/2019 16:00:00,52.36
11/25/2019 16:00:00,53.04
11/26/2019 16:00:00,53.07
11/27/2019 16:00:00,53.43
11/29/2019 13:00:00,53.21
12/2/2019 16:00:00,52.59
12/3/2019 16:00:00,52.24
12/4/2019 16:00:00,52.56
12/5/2019 16:00:00,52.63
12/6/2019 16:00:00,53.16
12/9/2019 16:00:00,52.9
12/10/2019 16:00:00,52.87
12/11/2019 16:00:00,53.23
12/12/2019 16:00:00,53.94
12/13/2019 16:00:00,53.91
12/16/2019 16:00:00,54.39
12/17/2019 16:00:00,54.4
12/18/2019 16:00:00,54.54
12/19/2019 16:00:00,54.83
12/20/2019 16:00:00,55.19
12/23/2019 16:00:00,55.08
12/24/2019 13:00:00,55.17
12/26/2019 16:00:00,55.19
12/27/2019 16:00:00,55.16
12/30/2019 16:00:00,54.75
12/31/2019 16:00:00,54.9
1/2/2020 16:00:00,55.72
1/3/2020 16:00:00,55.21
1/6/2020 16:00:00,55.25
1/7/2020 16:00:00,55.49
1/8/2020 16:00:00,55.82
1/9/2020 16:00:00,56.23
1/10/2020 16:00:00,56.1
1/13/2020 16:00:00,56.58
1/14/2020 16:00:00,56.61
1/15/2020 16:00:00,56.5
1/16/2020 16:00:00,57.08
1/17/2020 16:00:00,57.14
1/21/2020 16:00:00,56.93
1/22/2020 16:00:00,57.08
1/23/2020 16:00:00,57.26
1/24/2020 16:00:00,56.61
1/27/2020 16:00:00,55.52
1/28/2020 16:00:00,56.24
1/29/2020 16:00:00,55.88
1/30/2020 16:00:00,56.07
1/31/2020 16:00:00,54.97
2/3/2020 16:00:00,55.82
2/4/2020 16:00:00,57.28
2/5/2020 16:00:00,57.5
2/6/2020 16:00:00,57.8
2/7/2020 16:00:00,57.23
2/10/2020 16:00:00,57.67
2/11/2020 16:00:00,58.13
2/12/2020 16:00:00,58.78
2/13/2020 16:00:00,58.72
2/14/2020 16:00:00,58.82
2/18/2020 16:00:00,58.86
2/19/2020 16:00:00,59.49
2/20/2020 16:00:00,59.01
2/21/2020 16:00:00,58.07
2/24/2020 16:00:00,56.04
2/25/2020 16:00:00,54.38
2/26/2020 16:00:00,54.36
2/27/2020 16:00:00,52.23
2/28/2020 16:00:00,52.12
3/2/2020 16:00:00,54.02
3/3/2020 16:00:00,52.72
3/4/2020 16:00:00,54.72
3/5/2020 16:00:00,53.3
3/6/2020 16:00:00,52.28
3/9/2020 16:00:00,48.6
3/10/2020 16:00:00,50.87
3/11/2020 16:00:00,48.82
3/12/2020 16:00:00,44.38
3/13/2020 16:00:00,47.58
3/16/2020 16:00:00,42
3/17/2020 16:00:00,44.66
3/18/2020 16:00:00,41.73
3/19/2020 16:00:00,42.69
3/20/2020 16:00:00,41.11
3/23/2020 16:00:00,41.13
3/24/2020 16:00:00,44.68
3/25/2020 16:00:00,44.83
3/26/2020 16:00:00,47.25
3/27/2020 16:00:00,45.41
3/30/2020 16:00:00,46.9
3/31/2020 16:00:00,46.49
4/1/2020 16:00:00,44.33
4/2/2020 16:00:00,45.08
4/3/2020 16:00:00,44.43
4/6/2020 16:00:00,47.87
4/7/2020 16:00:00,47.71
4/8/2020 16:00:00,49.14
4/9/2020 16:00:00,49.33
4/13/2020 16:00:00,49.28
4/14/2020 16:00:00,51.19
4/15/2020 16:00:00,50.42
4/16/2020 16:00:00,51.3
4/17/2020 16:00:00,52.3
4/20/2020 16:00:00,51.62
4/21/2020 16:00:00,49.84
4/22/2020 16:00:00,51.17
4/23/2020 16:00:00,50.93
4/24/2020 16:00:00,51.79
4/27/2020 16:00:00,52.65
4/28/2020 16:00:00,52
4/29/2020 16:00:00,53.44
4/30/2020 16:00:00,52.55
5/1/2020 16:00:00,50.96
5/4/2020 16:00:00,51.46
5/5/2020 16:00:00,52.15
5/6/2020 16:00:00,52.43
5/7/2020 16:00:00,53.12
5/8/2020 16:00:00,54.1
5/11/2020 16:00:00,54.3
5/12/2020 16:00:00,53.09
5/13/2020 16:00:00,52.12
5/14/2020 16:00:00,52.75
5/15/2020 16:00:00,52.99
5/18/2020 16:00:00,54.67
5/19/2020 16:00:00,54.5
5/20/2020 16:00:00,55.5
5/21/2020 16:00:00,54.94
5/22/2020 16:00:00,55.15
5/26/2020 16:00:00,55.6
5/27/2020 16:00:00,56.26
5/28/2020 16:00:00,56.18
5/29/2020 16:00:00,57.2
6/1/2020 16:00:00,57.42
6/2/2020 16:00:00,57.89
6/3/2020 16:00:00,58.62
6/4/2020 16:00:00,58.28
6/5/2020 16:00:00,59.69
6/8/2020 16:00:00,60.23
6/9/2020 16:00:00,59.78
6/10/2020 16:00:00,59.91
6/11/2020 16:00:00,56.54
6/12/2020 16:00:00,57.29
6/15/2020 16:00:00,58.01
6/16/2020 16:00:00,59.04
6/17/2020 16:00:00,59.13
6/18/2020 16:00:00,59.33
6/19/2020 16:00:00,59.38
6/22/2020 16:00:00,59.58
6/23/2020 16:00:00,59.68
6/24/2020 16:00:00,58.22
6/25/2020 16:00:00,58.72
6/26/2020 16:00:00,57.86
6/29/2020 16:00:00,58.44
6/30/2020 16:00:00,59.51
7/1/2020 16:00:00,59.74
7/2/2020 16:00:00,60.24
7/6/2020 16:00:00,61.32
7/7/2020 16:00:00,60.81
7/8/2020 16:00:00,61.29
7/9/2020 16:00:00,61.45
7/10/2020 16:00:00,61.75
7/13/2020 16:00:00,60.48
7/14/2020 16:00:00,61.2
7/15/2020 16:00:00,61.84
7/16/2020 16:00:00,61.47
7/17/2020 16:00:00,61.97
7/20/2020 16:00:00,62.95
7/21/2020 16:00:00,62.57
7/22/2020 16:00:00,62.88
7/23/2020 16:00:00,61.87
7/24/2020 16:00:00,61.22
7/27/2020 16:00:00,62.25
7/28/2020 16:00:00,61.66
7/29/2020 16:00:00,62.44
7/30/2020 16:00:00,62.59
7/31/2020 16:00:00,62.65
8/3/2020 16:00:00,63.36
8/4/2020 16:00:00,63.77
8/5/2020 16:00:00,63.77
8/6/2020 16:00:00,63.87
8/7/2020 16:00:00,63.39
8/10/2020 16:00:00,63.25
8/11/2020 16:00:00,62.42
8/12/2020 16:00:00,63.54
8/13/2020 16:00:00,63.52
8/14/2020 16:00:00,63.46
8/17/2020 16:00:00,64.24
8/18/2020 16:00:00,64.29
8/19/2020 16:00:00,63.71
8/20/2020 16:00:00,63.99
8/21/2020 16:00:00,64.05
8/24/2020 16:00:00,64.45
8/25/2020 16:00:00,65
8/26/2020 16:00:00,65.63
8/27/2020 16:00:00,65.5
8/28/2020 16:00:00,66.16
8/31/2020 16:00:00,66.4
9/1/2020 16:00:00,67.23
9/2/2020 16:00:00,68.2
9/3/2020 16:00:00,65.35
9/4/2020 16:00:00,64.59
9/8/2020 16:00:00,62.22
9/9/2020 16:00:00,63.53
9/10/2020 16:00:00,62.54
9/11/2020 16:00:00,62.31
9/14/2020 16:00:00,63.67
9/15/2020 16:00:00,64.4
9/16/2020 16:00:00,63.88
9/17/2020 16:00:00,63.12
9/18/2020 16:00:00,62.51
9/21/2020 16:00:00,62.25
9/22/2020 16:00:00,63.02
9/23/2020 16:00:00,61.71
9/24/2020 16:00:00,61.78
9/25/2020 16:00:00,63.13
9/28/2020 16:00:00,64.29
9/29/2020 16:00:00,64.12
9/30/2020 16:00:00,64.48
10/1/2020 16:00:00,65.41
10/2/2020 16:00:00,63.86
10/5/2020 16:00:00,65.13
10/6/2020 16:00:00,64.29
10/7/2020 16:00:00,65.58
10/8/2020 16:00:00,66.1
10/9/2020 16:00:00,66.92
10/12/2020 16:00:00,68.19
10/13/2020 16:00:00,68.26
10/14/2020 16:00:00,67.77
10/15/2020 16:00:00,67.27
10/16/2020 16:00:00,67.34
10/19/2020 16:00:00,66.31
10/20/2020 16:00:00,66.45
10/21/2020 16:00:00,66.2
10/22/2020 16:00:00,66.46
10/23/2020 16:00:00,66.69
10/26/2020 16:00:00,65.52
10/27/2020 16:00:00,65.52
10/28/2020 16:00:00,63.47
10/29/2020 16:00:00,64.25
10/30/2020 16:00:00,63.03
11/2/2020 16:00:00,63.5
11/3/2020 16:00:00,64.74
11/4/2020 16:00:00,67.17
11/5/2020 16:00:00,68.58
11/6/2020 16:00:00,68.77
11/9/2020 16:00:00,68.33
11/10/2020 16:00:00,67.38
11/11/2020 16:00:00,68.63
11/12/2020 16:00:00,68.23
11/13/2020 16:00:00,69.39
11/16/2020 16:00:00,70.02
11/17/2020 16:00:00,69.57
11/18/2020 16:00:00,68.9
11/19/2020 16:00:00,69.6
11/20/2020 16:00:00,69.41
11/23/2020 16:00:00,69.8
11/24/2020 16:00:00,70.55
11/25/2020 16:00:00,70.61
11/27/2020 13:00:00,71.47
11/30/2020 16:00:00,71.79
12/1/2020 16:00:00,72.44
12/2/2020 16:00:00,72.54
12/3/2020 16:00:00,72.74
12/4/2020 16:00:00,73.55
12/7/2020 16:00:00,73.62
12/8/2020 16:00:00,73.98
12/9/2020 16:00:00,72.58
12/10/2020 16:00:00,72.73
12/11/2020 16:00:00,72.49
12/14/2020 16:00:00,73.26
12/15/2020 16:00:00,73.98
12/16/2020 16:00:00,74.23
12/17/2020 16:00:00,74.9
12/18/2020 16:00:00,75.03
12/21/2020 16:00:00,74.52
12/22/2020 16:00:00,74.5
12/23/2020 16:00:00,74.33
12/24/2020 13:00:00,74.42
12/28/2020 16:00:00,74.34
12/29/2020 16:00:00,74.43
12/30/2020 16:00:00,74.87
12/31/2020 16:00:00,75.16
1/4/2021 16:00:00,74.14
1/5/2021 16:00:00,74.79
1/6/2021 16:00:00,74.49
1/7/2021 16:00:00,76.1
1/8/2021 16:00:00,76.9
1/11/2021 16:00:00,76.27
1/12/2021 16:00:00,76.4
1/13/2021 16:00:00,76.39
1/14/2021 16:00:00,76.48
1/15/2021 16:00:00,75.98
1/19/2021 16:00:00,76.97
1/20/2021 16:00:00,77.88
1/21/2021 16:00:00,77.91
1/22/2021 16:00:00,77.41
1/25/2021 16:00:00,77.81
1/26/2021 16:00:00,77.43
1/27/2021 16:00:00,75.06
1/28/2021 16:00:00,76
1/29/2021 16:00:00,75
2/1/2021 16:00:00,76.4
2/2/2021 16:00:00,77.74
2/3/2021 16:00:00,76.89
2/4/2021 16:00:00,77.98
2/5/2021 16:00:00,78.6
2/8/2021 16:00:00,79.22
2/9/2021 16:00:00,79.41
2/10/2021 16:00:00,79.52
2/11/2021 16:00:00,80.27
2/12/2021 16:00:00,80.89
2/16/2021 16:00:00,80.58
2/17/2021 16:00:00,80.1
2/18/2021 16:00:00,79.8
2/19/2021 16:00:00,80.09
2/22/2021 16:00:00,78.25
2/23/2021 16:00:00,77.92
2/24/2021 16:00:00,78.45
2/25/2021 16:00:00,75.66
2/26/2021 16:00:00,76.15
3/1/2021 16:00:00,77.92
3/2/2021 16:00:00,76.8
3/3/2021 16:00:00,74.64
3/4/2021 16:00:00,72.83
3/5/2021 16:00:00,74.29
3/8/2021 16:00:00,72.55
3/9/2021 16:00:00,75.03
3/10/2021 16:00:00,74.82
3/11/2021 16:00:00,76.58
3/12/2021 16:00:00,76.07
3/15/2021 16:00:00,77.12
3/16/2021 16:00:00,77.35
3/17/2021 16:00:00,77.47
3/18/2021 16:00:00,75.36
3/19/2021 16:00:00,75.86
3/22/2021 16:00:00,77
3/23/2021 16:00:00,76.06
3/24/2021 16:00:00,74.88
3/25/2021 16:00:00,74.94
3/26/2021 16:00:00,76.59
3/29/2021 16:00:00,76.23
3/30/2021 16:00:00,75.88
3/31/2021 16:00:00,76.91
4/1/2021 16:00:00,78.31
4/5/2021 16:00:00,79.28
4/6/2021 16:00:00,79.26
4/7/2021 16:00:00,78.85
4/8/2021 16:00:00,79.62
4/9/2021 16:00:00,79.75
4/12/2021 16:00:00,79.61
4/13/2021 16:00:00,80.22
4/14/2021 16:00:00,79.63
4/15/2021 16:00:00,80.82
4/16/2021 16:00:00,80.81
4/19/2021 16:00:00,79.85
4/20/2021 16:00:00,79.35
4/21/2021 16:00:00,80.37
4/22/2021 16:00:00,79.73
4/23/2021 16:00:00,80.75
4/26/2021 16:00:00,81.17
4/27/2021 16:00:00,80.88
4/28/2021 16:00:00,80.5
4/29/2021 16:00:00,80.58
4/30/2021 16:00:00,79.69
5/3/2021 16:00:00,79.47
5/4/2021 16:00:00,78.28
5/5/2021 16:00:00,77.9
5/6/2021 16:00:00,78.17
5/7/2021 16:00:00,78.99
5/10/2021 16:00:00,77.3
5/11/2021 16:00:00,77.32
5/12/2021 16:00:00,75.52
5/13/2021 16:00:00,76.01
5/14/2021 16:00:00,77.5
5/17/2021 16:00:00,76.92
5/18/2021 16:00:00,76.71
5/19/2021 16:00:00,76.96
5/20/2021 16:00:00,78.6
5/21/2021 16:00:00,78.25
5/24/2021 16:00:00,79.16
5/25/2021 16:00:00,79.1
5/26/2021 16:00:00,79.38
5/27/2021 16:00:00,79.25
5/28/2021 16:00:00,79.57
6/1/2021 16:00:00,79.34
6/2/2021 16:00:00,79.43
6/3/2021 16:00:00,78.69
6/4/2021 16:00:00,80.01
6/7/2021 16:00:00,80.25
6/8/2021 16:00:00,80.21
6/9/2021 16:00:00,80.18
6/10/2021 16:00:00,81.05
6/11/2021 16:00:00,81.2
6/14/2021 16:00:00,81.56
6/15/2021 16:00:00,81
6/16/2021 16:00:00,80.57
6/17/2021 16:00:00,81.35
6/18/2021 16:00:00,80.62
6/21/2021 16:00:00,81.18
6/22/2021 16:00:00,81.67
6/23/2021 16:00:00,81.55
6/24/2021 16:00:00,82.31
6/25/2021 16:00:00,82.64
6/28/2021 16:00:00,83.36
6/29/2021 16:00:00,83.7
6/30/2021 16:00:00,83.58
7/1/2021 16:00:00,83.31
7/2/2021 16:00:00,83.8
7/6/2021 16:00:00,83.5
7/7/2021 16:00:00,83.38
7/8/2021 16:00:00,82.62
7/9/2021 16:00:00,83.46
7/12/2021 16:00:00,83.56
7/13/2021 16:00:00,83.37
7/14/2021 16:00:00,83.26
7/15/2021 16:00:00,82.88
7/16/2021 16:00:00,82.43
7/19/2021 16:00:00,81.86
7/20/2021 16:00:00,83.02
7/21/2021 16:00:00,83.75
7/22/2021 16:00:00,84.01
7/23/2021 16:00:00,84.75
7/26/2021 16:00:00,84.31
7/27/2021 16:00:00,83.59
7/28/2021 16:00:00,84.31
7/29/2021 16:00:00,84.84
7/30/2021 16:00:00,85.12
8/2/2021 16:00:00,85.01
8/3/2021 16:00:00,85.43
8/4/2021 16:00:00,85.53
8/5/2021 16:00:00,86.03
8/6/2021 16:00:00,85.58
8/9/2021 16:00:00,85.81
8/10/2021 16:00:00,85.32
8/11/2021 16:00:00,85.3
8/12/2021 16:00:00,85.15
8/13/2021 16:00:00,85.32
8/16/2021 16:00:00,85.1
8/17/2021 16:00:00,84.61
8/18/2021 16:00:00,83.97
8/19/2021 16:00:00,84.22
8/20/2021 16:00:00,84.87
8/23/2021 16:00:00,86.03
8/24/2021 16:00:00,86.62
8/25/2021 16:00:00,86.88
8/26/2021 16:00:00,86.26
8/27/2021 16:00:00,86.98
8/30/2021 16:00:00,87.26
8/31/2021 16:00:00,87.19
9/1/2021 16:00:00,87.36
9/2/2021 16:00:00,87.58
9/3/2021 16:00:00,87.72
9/7/2021 16:00:00,87.31
9/8/2021 16:00:00,87.11
9/9/2021 16:00:00,86.94
9/10/2021 16:00:00,86.69
9/13/2021 16:00:00,86.44
9/14/2021 16:00:00,86.09
9/15/2021 16:00:00,86.65
9/16/2021 16:00:00,86.88
9/17/2021 16:00:00,86.12
9/20/2021 16:00:00,84.57
9/21/2021 16:00:00,84.48
9/22/2021 16:00:00,85.15
9/23/2021 16:00:00,85.95
9/24/2021 16:00:00,85.83
9/27/2021 16:00:00,85.34
9/28/2021 16:00:00,83.17
9/29/2021 16:00:00,83.04
9/30/2021 16:00:00,82.88
10/1/2021 16:00:00,83.04
10/4/2021 16:00:00,81.57
10/5/2021 16:00:00,82.51
10/6/2021 16:00:00,82.89
10/7/2021 16:00:00,83.8
10/8/2021 16:00:00,83.34
10/11/2021 16:00:00,82.67
10/12/2021 16:00:00,82.59
10/13/2021 16:00:00,83.42
10/14/2021 16:00:00,84.73
10/15/2021 16:00:00,84.99
10/18/2021 16:00:00,85.5
10/19/2021 16:00:00,86.12
10/20/2021 16:00:00,86.32
10/21/2021 16:00:00,86.94
10/22/2021 16:00:00,86.72
10/25/2021 16:00:00,87.25
10/26/2021 16:00:00,87.04
10/27/2021 16:00:00,86.11
10/28/2021 16:00:00,86.87
10/29/2021 16:00:00,87.3
11/1/2021 16:00:00,88.06
11/2/2021 16:00:00,88.26
11/3/2021 16:00:00,88.93
11/4/2021 16:00:00,89.66
11/5/2021 16:00:00,89.56
11/8/2021 16:00:00,89.54
11/9/2021 16:00:00,89.42
11/10/2021 16:00:00,88.25
11/11/2021 16:00:00,88.72
11/12/2021 16:00:00,89.55
11/15/2021 16:00:00,89.41
11/16/2021 16:00:00,90.09
11/17/2021 16:00:00,89.72
11/18/2021 16:00:00,89.69
11/19/2021 16:00:00,89.53
11/22/2021 16:00:00,88.26
11/23/2021 16:00:00,88.06
11/24/2021 16:00:00,88.21
11/26/2021 13:00:00,86.76
11/29/2021 16:00:00,88.04
11/30/2021 16:00:00,85.9
12/1/2021 16:00:00,84.49
12/2/2021 16:00:00,85.63
12/3/2021 16:00:00,84.37
12/6/2021 16:00:00,85.21
12/7/2021 16:00:00,87.34
12/8/2021 16:00:00,87.67
12/9/2021 16:00:00,83.51
12/10/2021 16:00:00,84.09
12/13/2021 16:00:00,83.35
12/14/2021 16:00:00,82.64
12/15/2021 16:00:00,84.14
12/16/2021 16:00:00,82.72
12/17/2021 16:00:00,82.65
12/20/2021 16:00:00,81.64
12/21/2021 16:00:00,83.61
12/22/2021 16:00:00,84.29
12/23/2021 16:00:00,84.86
12/27/2021 16:00:00,85.79
12/28/2021 16:00:00,85.41
12/29/2021 16:00:00,85.55
12/30/2021 16:00:00,85.77
12/31/2021 16:00:00,85.31
1/3/2022 16:00:00,85.18
1/4/2022 16:00:00,84.15
1/5/2022 16:00:00,81.8
1/6/2022 16:00:00,82.14
1/7/2022 16:00:00,81.26
1/10/2022 16:00:00,81.14
1/11/2022 16:00:00,82.68
1/12/2022 16:00:00,82.63
1/13/2022 16:00:00,80.84
1/14/2022 16:00:00,81.09
1/18/2022 16:00:00,79.17
1/19/2022 16:00:00,78.74
1/20/2022 16:00:00,77.82
1/21/2022 16:00:00,76.12
1/24/2022 16:00:00,76.8
1/25/2022 16:00:00,74.72
1/26/2022 16:00:00,74.02
1/27/2022 16:00:00,73.11
1/28/2022 16:00:00,75
1/31/2022 16:00:00,77.63
2/1/2022 16:00:00,78.26
2/2/2022 16:00:00,78.39
2/3/2022 16:00:00,76.22
2/4/2022 16:00:00,76.75
2/7/2022 16:00:00,76.4
2/8/2022 16:00:00,77.46
2/9/2022 16:00:00,79.27
2/10/2022 16:00:00,77.68
2/11/2022 16:00:00,75.54
2/14/2022 16:00:00,75.33
2/15/2022 16:00:00,77.26
2/16/2022 16:00:00,77.14
2/17/2022 16:00:00,74.93
2/18/2022 16:00:00,74.01
2/22/2022 16:00:00,73.54
2/23/2022 16:00:00,71.91
2/24/2022 16:00:00,73.99
2/25/2022 16:00:00,75.22
2/28/2022 16:00:00,75.29
3/1/2022 16:00:00,74.33
3/2/2022 16:00:00,75.44
3/3/2022 16:00:00,74.36
3/4/2022 16:00:00,73.36
3/7/2022 16:00:00,70.89
3/8/2022 16:00:00,70.52
3/9/2022 16:00:00,72.71
3/10/2022 16:00:00,71.71
3/11/2022 16:00:00,70.12
3/14/2022 16:00:00,68.88
3/15/2022 16:00:00,70.63
3/16/2022 16:00:00,73.74
3/17/2022 16:00:00,74.55
3/18/2022 16:00:00,76.09
3/21/2022 16:00:00,75.35
3/22/2022 16:00:00,76.74
3/23/2022 16:00:00,75.42
3/24/2022 16:00:00,76.73
3/25/2022 16:00:00,76.45
3/28/2022 16:00:00,77.52
3/29/2022 16:00:00,79.18
3/30/2022 16:00:00,78.23
3/31/2022 16:00:00,77.35
4/1/2022 16:00:00,77.51
4/4/2022 16:00:00,78.72
4/5/2022 16:00:00,77
4/6/2022 16:00:00,75.98
4/7/2022 16:00:00,76.16
4/8/2022 16:00:00,75.46
4/11/2022 16:00:00,74.37
4/12/2022 16:00:00,73.99
4/13/2022 16:00:00,75.63
4/14/2022 16:00:00,74.2
4/18/2022 16:00:00,73.8
4/19/2022 16:00:00,75.47
4/20/2022 16:00:00,74.68
4/21/2022 16:00:00,72.92
4/22/2022 16:00:00,71.12
4/25/2022 16:00:00,72.14
4/26/2022 16:00:00,69.9
4/27/2022 16:00:00,69.85
4/28/2022 16:00:00,71.69
4/29/2022 16:00:00,69.15
5/2/2022 16:00:00,70.04
5/3/2022 16:00:00,69.95
5/4/2022 16:00:00,72
5/5/2022 16:00:00,68.63
5/6/2022 16:00:00,67.18
5/9/2022 16:00:00,64.4
5/10/2022 16:00:00,64.97
5/11/2022 16:00:00,63.51
5/12/2022 16:00:00,63.91
5/13/2022 16:00:00,66.48
5/16/2022 16:00:00,65.68
5/17/2022 16:00:00,67.24
5/18/2022 16:00:00,64.16
5/19/2022 16:00:00,64.73
5/20/2022 16:00:00,64.69
5/23/2022 16:00:00,65.34
5/24/2022 16:00:00,64.07
5/25/2022 16:00:00,65.21
5/26/2022 16:00:00,67.12
5/27/2022 16:00:00,69.19
5/31/2022 16:00:00,68.5
6/1/2022 16:00:00,67.75
6/2/2022 16:00:00,69.68
6/3/2022 16:00:00,68.39
6/6/2022 16:00:00,68.57
6/7/2022 16:00:00,69.47
6/8/2022 16:00:00,69.02
6/9/2022 16:00:00,67.1
6/10/2022 16:00:00,65.05
6/13/2022 16:00:00,61.96
6/14/2022 16:00:00,62.11
6/15/2022 16:00:00,63.36
6/16/2022 16:00:00,60.8
6/17/2022 16:00:00,61.71
6/21/2022 16:00:00,62.94
6/22/2022 16:00:00,62.81
6/23/2022 16:00:00,64.04
6/24/2022 16:00:00,66.23
6/27/2022 16:00:00,65.71
6/28/2022 16:00:00,63.89
6/29/2022 16:00:00,63.73
6/30/2022 16:00:00,62.96
7/1/2022 16:00:00,63.73
7/5/2022 16:00:00,64.56
7/6/2022 16:00:00,64.62
7/7/2022 16:00:00,66.01
7/8/2022 16:00:00,65.99
7/11/2022 16:00:00,64.57
7/12/2022 16:00:00,64.05
7/13/2022 16:00:00,63.91
7/14/2022 16:00:00,63.7
7/15/2022 16:00:00,64.98
7/18/2022 16:00:00,64.54
7/19/2022 16:00:00,66.58
7/20/2022 16:00:00,67.75
7/21/2022 16:00:00,68.62
7/22/2022 16:00:00,67.54
7/25/2022 16:00:00,67.21
7/26/2022 16:00:00,66.1
7/27/2022 16:00:00,68.17
7/28/2022 16:00:00,69.05
7/29/2022 16:00:00,69.67
8/1/2022 16:00:00,69.75
8/2/2022 16:00:00,69.81
8/3/2022 16:00:00,71.44
8/4/2022 16:00:00,71.64
8/5/2022 16:00:00,71.56
8/8/2022 16:00:00,71.58
8/9/2022 16:00:00,70.29
8/10/2022 16:00:00,72.28
8/11/2022 16:00:00,71.9
8/12/2022 16:00:00,73.12
8/15/2022 16:00:00,73.73
8/16/2022 16:00:00,73.46
8/17/2022 16:00:00,72.13
8/18/2022 16:00:00,72.18
8/19/2022 16:00:00,70.75
8/22/2022 16:00:00,69.03
8/23/2022 16:00:00,68.88
8/24/2022 16:00:00,69.36
8/25/2022 16:00:00,70.57
8/26/2022 16:00:00,67.9
8/29/2022 16:00:00,67.4
8/30/2022 16:00:00,66.68
8/31/2022 16:00:00,66.5
9/1/2022 16:00:00,66.17
9/2/2022 16:00:00,65.36
9/6/2022 16:00:00,64.94
9/7/2022 16:00:00,66.4
9/8/2022 16:00:00,67.12
9/9/2022 16:00:00,68.7
9/12/2022 16:00:00,69.32
9/13/2022 16:00:00,65.87
9/14/2022 16:00:00,66.31
9/15/2022 16:00:00,65.5
9/16/2022 16:00:00,64.92
9/19/2022 16:00:00,65.2
9/20/2022 16:00:00,64.27
9/21/2022 16:00:00,63.27
9/22/2022 16:00:00,62.09
9/23/2022 16:00:00,61.23
9/26/2022 16:00:00,60.74
9/27/2022 16:00:00,60.87
9/28/2022 16:00:00,62.55
9/29/2022 16:00:00,61.17
9/30/2022 16:00:00,60.25
10/3/2022 16:00:00,61.87
10/4/2022 16:00:00,63.96
10/5/2022 16:00:00,64.03
10/6/2022 16:00:00,63.49
10/7/2022 16:00:00,61.19
10/10/2022 16:00:00,60.39
10/11/2022 16:00:00,59.53
10/12/2022 16:00:00,59.43
10/13/2022 16:00:00,60.52
10/14/2022 16:00:00,58.71
10/17/2022 16:00:00,60.54
10/18/2022 16:00:00,61.18
10/19/2022 16:00:00,60.57
10/20/2022 16:00:00,60.3
10/21/2022 16:00:00,61.63
10/24/2022 16:00:00,61.91
10/25/2022 16:00:00,63.4
10/26/2022 16:00:00,63.22
10/27/2022 16:00:00,62.83
10/28/2022 16:00:00,64.45
10/31/2022 16:00:00,63.96
11/1/2022 16:00:00,63.88
11/2/2022 16:00:00,61.81
11/3/2022 16:00:00,61.04
11/4/2022 16:00:00,61.82
11/7/2022 16:00:00,62.56
11/8/2022 16:00:00,63.22
11/9/2022 16:00:00,61.84
11/10/2022 16:00:00,66.19
11/11/2022 16:00:00,67.58
11/14/2022 16:00:00,66.91
11/15/2022 16:00:00,68.2
11/16/2022 16:00:00,66.96
11/17/2022 16:00:00,66.57
11/18/2022 16:00:00,66.62
11/21/2022 16:00:00,66.16
11/22/2022 16:00:00,66.92
11/23/2022 16:00:00,67.43
11/25/2022 13:05:00,67.09
11/28/2022 16:00:00,66.25
11/29/2022 16:00:00,66.05
11/30/2022 16:00:00,68.51
12/1/2022 16:00:00,68.91
12/2/2022 16:00:00,68.63
12/5/2022 16:00:00,67.37
12/6/2022 16:00:00,66.26
12/7/2022 16:00:00,66.22
12/8/2022 16:00:00,67.25
12/9/2022 16:00:00,66.68
12/12/2022 16:00:00,67.49
12/13/2022 16:00:00,68.2
12/14/2022 16:00:00,67.85
12/15/2022 16:00:00,65.78
12/16/2022 16:00:00,65.3
12/19/2022 16:00:00,64.59
12/20/2022 16:00:00,64.31
12/21/2022 16:00:00,65.12
12/22/2022 16:00:00,63.76
12/23/2022 16:00:00,63.79
12/27/2022 16:00:00,63.23
12/28/2022 16:00:00,62.46
12/29/2022 16:00:00,63.89
12/30/2022 16:00:00,63.83
1/3/2023 16:00:00,63.52
1/4/2023 16:00:00,64.48
1/5/2023 16:00:00,63.51
1/6/2023 16:00:00,65.21
1/9/2023 16:00:00,65.36
1/10/2023 16:00:00,66.06
1/11/2023 16:00:00,66.87
1/12/2023 16:00:00,67.17
1/13/2023 16:00:00,67.64
1/17/2023 16:00:00,67.61
1/18/2023 16:00:00,66.68
1/19/2023 16:00:00,65.7
1/20/2023 16:00:00,67.26
1/23/2023 16:00:00,68.8
1/24/2023 16:00:00,68.59
1/25/2023 16:00:00,68.65
1/26/2023 16:00:00,69.76
1/27/2023 16:00:00,70.27
1/30/2023 16:00:00,68.89
1/31/2023 16:00:00,69.87
2/1/2023 16:00:00,71.48
2/2/2023 16:00:00,73.08
2/3/2023 16:00:00,71.59
2/6/2023 16:00:00,70.93
2/7/2023 16:00:00,72.13
2/8/2023 16:00:00,70.97
2/9/2023 16:00:00,70.44
2/10/2023 16:00:00,70.16
2/13/2023 16:00:00,71.21
2/14/2023 16:00:00,71.8
2/15/2023 16:00:00,72.64
2/16/2023 16:00:00,71.46
2/17/2023 16:00:00,70.89
2/21/2023 16:00:00,69.13
2/22/2023 16:00:00,69.33
2/23/2023 16:00:00,69.62
2/24/2023 16:00:00,68.57
2/27/2023 16:00:00,69.2
2/28/2023 16:00:00,69.14
3/1/2023 16:00:00,68.58
3/2/2023 16:00:00,69.42
3/3/2023 16:00:00,70.43
3/6/2023 16:00:00,70.21
3/7/2023 16:00:00,69.21
3/8/2023 16:00:00,69.63
3/9/2023 16:00:00,68.06
3/10/2023 16:00:00,67
3/13/2023 16:00:00,67.29
3/14/2023 16:00:00,68.29
3/15/2023 16:00:00,68.12
3/16/2023 16:00:00,69.41
3/17/2023 16:00:00,68.75
3/20/2023 16:00:00,69.3
3/21/2023 16:00:00,70.1
3/22/2023 16:00:00,68.61
3/23/2023 16:00:00,69.39
3/24/2023 16:00:00,69.53
3/27/2023 16:00:00,69.51
3/28/2023 16:00:00,69.41
3/29/2023 16:00:00,70.74
3/30/2023 16:00:00,71.37
3/31/2023 16:00:00,72.55
4/3/2023 16:00:00,72.25
4/4/2023 16:00:00,71.86
4/5/2023 16:00:00,71.1
4/6/2023 16:00:00,71.1
4/10/2023 16:00:00,71.56
4/11/2023 16:00:00,71.52
4/12/2023 16:00:00,70.89
4/13/2023 16:00:00,71.84
4/14/2023 16:00:00,71.45
4/17/2023 16:00:00,71.81
4/18/2023 16:00:00,71.82
4/19/2023 16:00:00,71.6
4/20/2023 16:00:00,71.14
4/21/2023 16:00:00,71.23
4/24/2023 16:00:00,71.18
4/25/2023 16:00:00,69.73
4/26/2023 16:00:00,69.17
4/27/2023 16:00:00,70.34
4/28/2023 16:00:00,70.89
5/1/2023 16:00:00,70.86
5/2/2023 16:00:00,70
5/3/2023 16:00:00,69.72
5/4/2023 16:00:00,69.58
5/5/2023 16:00:00,70.69
5/8/2023 16:00:00,70.9
5/9/2023 16:00:00,70.4
5/10/2023 16:00:00,70.84
5/11/2023 16:00:00,70.69
5/12/2023 16:00:00,70.54
5/15/2023 16:00:00,71.27
5/16/2023 16:00:00,70.56
5/17/2023 16:00:00,71.41
5/18/2023 16:00:00,72.49
5/19/2023 16:00:00,72.31
5/22/2023 16:00:00,72.58
5/23/2023 16:00:00,71.63
5/24/2023 16:00:00,71.25
5/25/2023 16:00:00,71.6
5/26/2023 16:00:00,73.45
5/30/2023 16:00:00,73.45
5/31/2023 16:00:00,73.14
6/1/2023 16:00:00,73.64
6/2/2023 16:00:00,74.44
6/5/2023 16:00:00,74.49
6/6/2023 16:00:00,74.68
6/7/2023 16:00:00,73.87
6/8/2023 16:00:00,74.57
6/9/2023 16:00:00,74.64
6/12/2023 16:00:00,75.62
6/13/2023 16:00:00,76.36
6/14/2023 16:00:00,76.54
6/15/2023 16:00:00,77.41
6/16/2023 16:00:00,76.88
6/20/2023 16:00:00,76.24
6/21/2023 16:00:00,75.34
6/22/2023 16:00:00,75.56
6/23/2023 16:00:00,74.64
6/26/2023 16:00:00,74.69
6/27/2023 16:00:00,75.9
6/28/2023 16:00:00,76.01
6/29/2023 16:00:00,75.97
6/30/2023 16:00:00,76.98
7/3/2023 13:05:00,77.23
7/5/2023 16:00:00,76.95
7/6/2023 16:00:00,75.85
7/7/2023 16:00:00,75.92
7/10/2023 16:00:00,77.29
7/11/2023 16:00:00,77.91
7/12/2023 16:00:00,78.39
7/13/2023 16:00:00,79.21
7/14/2023 16:00:00,78.96
7/17/2023 16:00:00,79.86
7/18/2023 16:00:00,80.24
7/19/2023 16:00:00,80.27
7/20/2023 16:00:00,79.46
7/21/2023 16:00:00,79.62
7/24/2023 16:00:00,79.37
7/25/2023 16:00:00,79.64
7/26/2023 16:00:00,79.48
7/27/2023 16:00:00,79.17
7/28/2023 16:00:00,80.45
7/31/2023 16:00:00,80.76
8/1/2023 16:00:00,80.35
8/2/2023 16:00:00,78.65
8/3/2023 16:00:00,78.5
8/4/2023 16:00:00,78.12
8/7/2023 16:00:00,78.7
8/8/2023 16:00:00,77.87
8/9/2023 16:00:00,77.54
8/10/2023 16:00:00,77.66
8/11/2023 16:00:00,77.07
8/14/2023 16:00:00,77.78
8/15/2023 16:00:00,76.79
8/16/2023 16:00:00,76.06
8/17/2023 16:00:00,75.09
8/18/2023 16:00:00,75.12
8/21/2023 16:00:00,75.98
8/22/2023 16:00:00,75.92
8/23/2023 16:00:00,76.75
8/24/2023 16:00:00,75.18
8/25/2023 16:00:00,75.8
8/28/2023 16:00:00,76.35
8/29/2023 16:00:00,77.76
8/30/2023 16:00:00,78.16
8/31/2023 16:00:00,78.21
9/1/2023 16:00:00,78.5
9/5/2023 16:00:00,78.11
9/6/2023 16:00:00,78.08
9/7/2023 16:00:00,77.45
9/8/2023 16:00:00,77.48
9/11/2023 16:00:00,78.08
9/12/2023 16:00:00,77.48
9/13/2023 16:00:00,77.44
9/14/2023 16:00:00,78.16
9/15/2023 16:00:00,76.8
9/18/2023 16:00:00,76.69
9/19/2023 16:00:00,76.35
9/20/2023 16:00:00,75.76
9/21/2023 16:00:00,74.31
9/22/2023 16:00:00,74.42
9/25/2023 16:00:00,74.57
9/26/2023 16:00:00,73.68
9/27/2023 16:00:00,74.07
9/28/2023 16:00:00,74.72
9/29/2023 16:00:00,74.77
10/2/2023 16:00:00,74.64
10/3/2023 16:00:00,73.34
10/4/2023 16:00:00,74.18
10/5/2023 16:00:00,73.79
10/6/2023 16:00:00,75.03
10/9/2023 16:00:00,75.31
10/10/2023 16:00:00,76.14
10/11/2023 16:00:00,76.35
10/12/2023 16:00:00,75.71
10/13/2023 16:00:00,74.97
10/16/2023 16:00:00,75.94
10/17/2023 16:00:00,75.97
10/18/2023 16:00:00,74.69
10/19/2023 16:00:00,73.72
10/20/2023 16:00:00,72.72
10/23/2023 16:00:00,72.57
10/24/2023 16:00:00,73.25
10/25/2023 16:00:00,71.57
10/26/2023 16:00:00,70.69
10/27/2023 16:00:00,70.45
10/30/2023 16:00:00,70.7
10/31/2023 16:00:00,71.27
11/1/2023 16:00:00,72.02
11/2/2023 16:00:00,73.51
11/3/2023 16:00:00,74.78
11/6/2023 16:00:00,74.51
11/7/2023 16:00:00,75.13
11/8/2023 16:00:00,74.68
11/9/2023 16:00:00,73.99
11/10/2023 16:00:00,75.29
11/13/2023 16:00:00,75.14
11/14/2023 16:00:00,77.32
11/15/2023 16:00:00,77.6
11/16/2023 16:00:00,77.23
11/17/2023 16:00:00,77.52
11/20/2023 16:00:00,78.5
11/21/2023 16:00:00,78.04
11/22/2023 16:00:00,78.23
11/24/2023 13:05:00,78.51
11/27/2023 16:00:00,78.28
11/28/2023 16:00:00,78.4
11/29/2023 16:00:00,78.82
11/30/2023 16:00:00,78.94
12/1/2023 16:00:00,79.73
12/4/2023 16:00:00,79.31
12/5/2023 16:00:00,78.8
12/6/2023 16:00:00,78.59
12/7/2023 16:00:00,79.42
12/8/2023 16:00:00,79.51
12/11/2023 16:00:00,81.11
12/12/2023 16:00:00,81.53
12/13/2023 16:00:00,83.04
12/14/2023 16:00:00,83.69
12/15/2023 16:00:00,83.55
12/18/2023 16:00:00,83.84
12/19/2023 16:00:00,84.31
12/20/2023 16:00:00,83.01
12/21/2023 16:00:00,83.87
12/22/2023 16:00:00,84.24
12/26/2023 16:00:00,84.91
12/27/2023 16:00:00,85
12/28/2023 16:00:00,84.94
12/29/2023 16:00:00,84.64
1/2/2024 16:00:00,83.54
1/3/2024 16:00:00,82.51
1/4/2024 16:00:00,82.13
1/5/2024 16:00:00,82.18
1/8/2024 16:00:00,83.77
1/9/2024 16:00:00,83.71
1/10/2024 16:00:00,84.03
1/11/2024 16:00:00,84.06
1/12/2024 16:00:00,84.03
1/16/2024 16:00:00,83.74
1/17/2024 16:00:00,83.25
1/18/2024 16:00:00,84.18
1/19/2024 16:00:00,85.47
1/22/2024 16:00:00,85.92
1/23/2024 16:00:00,86.28
1/24/2024 16:00:00,86.12
1/25/2024 16:00:00,86.47
1/26/2024 16:00:00,85.99
1/29/2024 16:00:00,86.92
1/30/2024 16:00:00,86.39
1/31/2024 16:00:00,85.16
2/1/2024 16:00:00,86.05
2/2/2024 16:00:00,86.35
2/5/2024 16:00:00,85.93
2/6/2024 16:00:00,86.23
2/7/2024 16:00:00,86.93
2/8/2024 16:00:00,87.22
2/9/2024 16:00:00,87.62
2/12/2024 16:00:00,87.63
2/13/2024 16:00:00,86.03
2/14/2024 16:00:00,86.96
2/15/2024 16:00:00,87.72
2/16/2024 16:00:00,87.04
2/20/2024 16:00:00,86.57
2/21/2024 16:00:00,86
2/22/2024 16:00:00,87.97
2/23/2024 16:00:00,87.7
2/26/2024 16:00:00,87.87
2/27/2024 16:00:00,88.27
2/28/2024 16:00:00,87.9
2/29/2024 16:00:00,88.29
3/1/2024 16:00:00,89.24
3/4/2024 16:00:00,89.08
3/5/2024 16:00:00,87.67
3/6/2024 16:00:00,88.5
3/7/2024 16:00:00,89.46
3/8/2024 16:00:00,88.45
3/11/2024 16:00:00,88.52
3/12/2024 16:00:00,89.17
3/13/2024 16:00:00,88.46
3/14/2024 16:00:00,87.83
3/15/2024 16:00:00,87.11
3/18/2024 16:00:00,87.73
3/19/2024 16:00:00,87.74
3/20/2024 16:00:00,88.64
3/21/2024 16:00:00,89.25
3/22/2024 16:00:00,88.77
3/25/2024 16:00:00,88.6
3/26/2024 16:00:00,88.5
3/27/2024 16:00:00,89.29
3/28/2024 16:00:00,89.2
4/1/2024 16:00:00,89
4/2/2024 16:00:00,87.97
4/3/2024 16:00:00,88.1
4/4/2024 16:00:00,86.7
4/5/2024 16:00:00,87.49
4/8/2024 16:00:00,87.68
4/9/2024 16:00:00,88.33
4/10/2024 16:00:00,86.86
4/11/2024 16:00:00,87.68
4/12/2024 16:00:00,86.12
4/15/2024 16:00:00,84.89
4/16/2024 16:00:00,84.93
4/17/2024 16:00:00,83.97
4/18/2024 16:00:00,83.53
4/19/2024 16:00:00,82.8
4/22/2024 16:00:00,83.6
4/23/2024 16:00:00,84.73
4/24/2024 16:00:00,85.09
4/25/2024 16:00:00,84.99
4/26/2024 16:00:00,85.54
4/29/2024 16:00:00,85.95
4/30/2024 16:00:00,84.36
5/1/2024 16:00:00,83.87
5/2/2024 16:00:00,84.64
5/3/2024 16:00:00,85.67
5/6/2024 16:00:00,86.24
5/7/2024 16:00:00,86.3
5/8/2024 16:00:00,86.11
5/9/2024 16:00:00,86.46
5/10/2024 16:00:00,86.66
5/13/2024 16:00:00,86.97
5/14/2024 16:00:00,87.33
5/15/2024 16:00:00,88.48
5/16/2024 16:00:00,88.43
5/17/2024 16:00:00,88.3
5/20/2024 16:00:00,88.8
5/21/2024 16:00:00,88.63
5/22/2024 16:00:00,88.91
5/23/2024 16:00:00,87.9
5/24/2024 16:00:00,88.52
5/28/2024 16:00:00,87.92
5/29/2024 16:00:00,86.89
5/30/2024 16:00:00,86.66
5/31/2024 16:00:00,86.75
6/3/2024 16:00:00,86.68
6/4/2024 16:00:00,86.69
6/5/2024 16:00:00,87.97
6/6/2024 16:00:00,87.9
6/7/2024 16:00:00,87.64
6/10/2024 16:00:00,88.01
6/11/2024 16:00:00,88.08
6/12/2024 16:00:00,88.7
6/13/2024 16:00:00,88.4
6/14/2024 16:00:00,88.31
6/17/2024 16:00:00,89.28
6/18/2024 16:00:00,89.44
6/20/2024 16:00:00,89.02
6/21/2024 16:00:00,89.37
6/24/2024 16:00:00,88.96
6/25/2024 16:00:00,89.15
6/26/2024 16:00:00,88.7
6/27/2024 16:00:00,88.82
6/28/2024 16:00:00,88.74
7/1/2024 16:00:00,88.47
7/2/2024 16:00:00,89.31
7/3/2024 13:05:00,89.45
7/5/2024 16:00:00,90.19
7/8/2024 16:00:00,90.06
7/9/2024 16:00:00,89.79
7/10/2024 16:00:00,90.6
7/11/2024 16:00:00,90.23
7/12/2024 16:00:00,90.94
7/15/2024 16:00:00,91.12
7/16/2024 16:00:00,92.06
7/17/2024 16:00:00,90.28
7/18/2024 16:00:00,89.5
7/19/2024 16:00:00,88.82
7/22/2024 16:00:00,89.74
7/23/2024 16:00:00,89.08
7/24/2024 16:00:00,86.85
7/25/2024 16:00:00,86.54
7/26/2024 16:00:00,87.33
7/29/2024 16:00:00,87.63
7/30/2024 16:00:00,86.98
7/31/2024 16:00:00,88.6
8/1/2024 16:00:00,86.39
8/2/2024 16:00:00,84.34
8/5/2024 16:00:00,82.41
8/6/2024 16:00:00,83.08
8/7/2024 16:00:00,82.58
8/8/2024 16:00:00,84.57
8/9/2024 16:00:00,84.85
8/12/2024 16:00:00,84.52
8/13/2024 16:00:00,86.19
8/14/2024 16:00:00,86.26
8/15/2024 16:00:00,88.15
8/16/2024 16:00:00,88.45
8/19/2024 16:00:00,89.44
8/20/2024 16:00:00,89
8/21/2024 16:00:00,89.68
8/22/2024 16:00:00,88.63
8/23/2024 16:00:00,89.53
8/26/2024 16:00:00,89.02
8/27/2024 16:00:00,89.11
8/28/2024 16:00:00,88.2
8/29/2024 16:00:00,88.61
8/30/2024 16:00:00,89.59
9/3/2024 16:00:00,87.5
9/4/2024 16:00:00,87.06
9/5/2024 16:00:00,86.7
9/6/2024 16:00:00,85.18
9/9/2024 16:00:00,86.17
9/10/2024 16:00:00,86.28
9/11/2024 16:00:00,87.3
9/12/2024 16:00:00,87.82
9/13/2024 16:00:00,88.45
9/16/2024 16:00:00,88.55
9/17/2024 16:00:00,88.51
9/18/2024 16:00:00,88.16
9/19/2024 16:00:00,89.82
9/20/2024 16:00:00,89.48
9/23/2024 16:00:00,89.62
9/24/2024 16:00:00,89.73
9/25/2024 16:00:00,89.43
9/26/2024 16:00:00,90.38
9/27/2024 16:00:00,90.37
9/30/2024 16:00:00,90.2
10/1/2024 16:00:00,89.21
10/2/2024 16:00:00,89.63
10/3/2024 16:00:00,89.27
10/4/2024 16:00:00,90.19
10/7/2024 16:00:00,89.52
10/8/2024 16:00:00,90.24
10/9/2024 16:00:00,91.16
10/10/2024 16:00:00,91.12
10/11/2024 16:00:00,91.82
10/14/2024 16:00:00,92.57
10/15/2024 16:00:00,91.3
10/16/2024 16:00:00,91.25
10/17/2024 16:00:00,91
10/18/2024 16:00:00,91.6
10/21/2024 16:00:00,91.08
10/22/2024 16:00:00,91.03
10/23/2024 16:00:00,89.86
10/24/2024 16:00:00,90.38
10/25/2024 16:00:00,90.7
10/28/2024 16:00:00,91.01
10/29/2024 16:00:00,91.44
10/30/2024 16:00:00,90.54
10/31/2024 16:00:00,89.01
11/1/2024 16:00:00,89.72
11/4/2024 16:00:00,89.8
11/5/2024 16:00:00,90.65
11/6/2024 16:00:00,92.8
11/7/2024 16:00:00,94.08
11/8/2024 16:00:00,93.98
11/11/2024 16:00:00,94.18
11/12/2024 16:00:00,93.71
11/13/2024 16:00:00,93.78
11/14/2024 16:00:00,93.05
11/15/2024 16:00:00,90.85
11/18/2024 16:00:00,91.52
11/19/2024 16:00:00,91.75
11/20/2024 16:00:00,91.93
11/21/2024 16:00:00,93.26
11/22/2024 16:00:00,94.01
11/25/2024 16:00:00,95.02
11/26/2024 16:00:00,94.68
11/27/2024 16:00:00,94.07
11/29/2024 13:05:00,94.63
12/2/2024 16:00:00,95.38
12/3/2024 16:00:00,95.22
12/4/2024 16:00:00,96.24
12/5/2024 16:00:00,95.15
12/6/2024 16:00:00,95.88
12/9/2024 16:00:00,95.28
12/10/2024 16:00:00,94.34
12/11/2024 16:00:00,95.23
12/12/2024 16:00:00,94.97
12/13/2024 16:00:00,94.63
12/16/2024 16:00:00,94.86
12/17/2024 16:00:00,94.32
12/18/2024 16:00:00,90.96
12/19/2024 16:00:00,90.22
12/20/2024 16:00:00,91.15
12/23/2024 16:00:00,91.14
12/24/2024 13:05:00,92.16
12/26/2024 16:00:00,92.16
12/27/2024 16:00:00,91.28
12/30/2024 16:00:00,90.15
12/31/2024 16:00:00,89.77
1/2/2025 16:00:00,89.72
1/3/2025 16:00:00,91.24
1/6/2025 16:00:00,91.9
1/7/2025 16:00:00,91.04
1/8/2025 16:00:00,90.96
1/10/2025 16:00:00,89.66
1/13/2025 16:00:00,89.56
1/14/2025 16:00:00,90.15
1/15/2025 16:00:00,91.45
1/16/2025 16:00:00,91.81
1/17/2025 16:00:00,92.9
1/21/2025 16:00:00,93.71
1/22/2025 16:00:00,94.36
1/23/2025 16:00:00,94.49
1/24/2025 16:00:00,94.01
1/27/2025 16:00:00,92.9
1/28/2025 16:00:00,93.02
1/29/2025 16:00:00,93.15
1/30/2025 16:00:00,94.18
1/31/2025 16:00:00,94.18
2/3/2025 16:00:00,93.76
2/4/2025 16:00:00,94.39
2/5/2025 16:00:00,95.33
2/6/2025 16:00:00,95.44
2/7/2025 16:00:00,94.83
2/10/2025 16:00:00,95.66
2/11/2025 16:00:00,95.47
2/12/2025 16:00:00,95.6
2/13/2025 16:00:00,96.69
2/14/2025 16:00:00,96.81
2/18/2025 16:00:00,97.98
2/19/2025 16:00:00,97.73
2/20/2025 16:00:00,97.26
2/21/2025 16:00:00,95.39
2/24/2025 16:00:00,94.68
2/25/2025 16:00:00,93.73
2/26/2025 16:00:00,93.77
2/27/2025 16:00:00,91.87
2/28/2025 16:00:00,92.93
3/3/2025 16:00:00,91.75
3/4/2025 16:00:00,91.13
3/5/2025 16:00:00,92.06
3/6/2025 16:00:00,89.85
3/7/2025 16:00:00,90.51
3/10/2025 16:00:00,88.06
3/11/2025 16:00:00,87.18
3/12/2025 16:00:00,87.48
3/13/2025 16:00:00,86.24
3/14/2025 16:00:00,88.13
3/17/2025 16:00:00,89.57
3/18/2025 16:00:00,88.65
3/19/2025 16:00:00,89.33
3/20/2025 16:00:00,89.01
3/21/2025 16:00:00,88.89
3/24/2025 16:00:00,90.73
3/25/2025 16:00:00,90.87
3/26/2025 16:00:00,90.03
3/27/2025 16:00:00,89.23
3/28/2025 16:00:00,87.19
3/31/2025 16:00:00,87.19
4/1/2025 16:00:00,87.64
4/2/2025 16:00:00,88.22
4/3/2025 16:00:00,83.92
4/4/2025 16:00:00,78.66
4/7/2025 16:00:00,78.54
4/8/2025 16:00:00,76.98
4/9/2025 16:00:00,85.17
4/10/2025 16:00:00,81.79
4/11/2025 16:00:00,82.99
4/14/2025 16:00:00,83.59
4/15/2025 16:00:00,83.84
4/16/2025 16:00:00,82.13
4/17/2025 16:00:00,82.46
4/21/2025 16:00:00,80.73
4/22/2025 16:00:00,82.59
4/23/2025 16:00:00,84.04
4/24/2025 16:00:00,86.34
4/25/2025 16:00:00,86.8
4/28/2025 16:00:00,87.05
4/29/2025 16:00:00,87.58
4/30/2025 16:00:00,87.69
5/1/2025 16:00:00,87.83
5/2/2025 16:00:00,89.52
5/5/2025 16:00:00,89.27
5/6/2025 16:00:00,88.47
5/7/2025 16:00:00,89.09
5/8/2025 16:00:00,90.01
5/9/2025 16:00:00,90.06
5/12/2025 16:00:00,93.42
5/13/2025 16:00:00,94.27
5/14/2025 16:00:00,94.38
5/15/2025 16:00:00,94.7
5/16/2025 16:00:00,95.38
5/19/2025 16:00:00,95.3
5/20/2025 16:00:00,95.2
5/21/2025 16:00:00,93.49
5/22/2025 16:00:00,93.51
5/23/2025 16:00:00,92.73
5/27/2025 16:00:00,94.44
5/28/2025 16:00:00,93.85
5/29/2025 16:00:00,93.71
5/30/2025 16:00:00,93.57
6/2/2025 16:00:00,94.2
6/3/2025 16:00:00,95.15
6/4/2025 16:00:00,95.39
6/5/2025 16:00:00,94.85
6/6/2025 16:00:00,95.8
6/9/2025 16:00:00,95.81
6/10/2025 16:00:00,96.62
6/11/2025 16:00:00,96.37
6/12/2025 16:00:00,96.43
6/13/2025 16:00:00,94.84
6/16/2025 16:00:00,96.28
6/17/2025 16:00:00,95.09
6/18/2025 16:00:00,95.14
6/20/2025 16:00:00,94.88
6/23/2025 16:00:00,95.6
6/24/2025 16:00:00,97.12
6/25/2025 16:00:00,96.63
6/26/2025 16:00:00,97.32
6/27/2025 16:00:00,97.51
6/30/2025 16:00:00,98.31
7/1/2025 16:00:00,98.35
7/2/2025 16:00:00,98.71
7/3/2025 13:05:00,99.45
7/7/2025 16:00:00,98.66
7/8/2025 16:00:00,99.11
7/9/2025 16:00:00,99.37
7/10/2025 16:00:00,98.96
7/11/2025 16:00:00,98.47
7/14/2025 16:00:00,98.81
7/15/2025 16:00:00,98.18
7/16/2025 16:00:00,98.26
7/17/2025 16:00:00,99.18
7/18/2025 16:00:00,99.13
7/21/2025 16:00:00,99.54
7/22/2025 16:00:00,99.91
7/23/2025 16:00:00,100.32
7/24/2025 16:00:00,100.08
7/25/2025 16:00:00,100.38
7/28/2025 16:00:00,100.32
7/29/2025 16:00:00,100.26
7/30/2025 16:00:00,99.96
7/31/2025 16:00:00,98.36
8/1/2025 16:00:00,96.83
8/4/2025 16:00:00,98.39
8/5/2025 16:00:00,97.58
8/6/2025 16:00:00,97.97
8/7/2025 16:00:00,97.84
8/8/2025 16:00:00,97.65
8/11/2025 16:00:00,97.18
8/12/2025 16:00:00,98.37
8/13/2025 16:00:00,99.22
8/14/2025 16:00:00,98.59
8/15/2025 16:00:00,98.28
8/18/2025 16:00:00,98.44
8/19/2025 16:00:00,97.9
8/20/2025 16:00:00,97.64
8/21/2025 16:00:00,97.22
8/22/2025 16:00:00,98.9
8/25/2025 16:00:00,98.05
8/26/2025 16:00:00,98.08
8/27/2025 16:00:00,98.42
8/28/2025 16:00:00,98.78
8/29/2025 16:00:00,98.05
9/2/2025 16:00:00,97.23
9/3/2025 16:00:00,97.22
9/4/2025 16:00:00,97.77
9/5/2025 16:00:00,97.94
9/8/2025 16:00:00,98.32
9/9/2025 16:00:00,98.57
9/10/2025 16:00:00,97.75
9/11/2025 16:00:00,99.07
9/12/2025 16:00:00,98.98
9/15/2025 16:00:00,99.29
9/16/2025 16:00:00,99.26
9/17/2025 16:00:00,99.76
9/18/2025 16:00:00,100.88
9/19/2025 16:00:00,100.84
9/22/2025 16:00:00,101.3
9/23/2025 16:00:00,100.88
9/24/2025 16:00:00,100.69
9/25/2025 16:00:00,100.05
9/26/2025 16:00:00,101.02
9/29/2025 16:00:00,101.71
9/30/2025 16:00:00,101.61
10/1/2025 16:00:00,102.18
10/2/2025 16:00:00,102.73
10/3/2025 16:00:00,102.76
10/6/2025 16:00:00,103.12
10/7/2025 16:00:00,102.42
10/8/2025 16:00:00,103.5
10/9/2025 16:00:00,102.95
10/10/2025 16:00:00,99.77
10/13/2025 16:00:00,101.35
10/14/2025 16:00:00,101.47
10/15/2025 16:00:00,101.85
10/16/2025 16:00:00,101.28
10/17/2025 16:00:00,101.86
10/20/2025 16:00:00,103.24
10/21/2025 16:00:00,103.77
10/22/2025 16:00:00,102.84
10/23/2025 16:00:00,103.54
10/24/2025 16:00:00,103.99
10/27/2025 16:00:00,105.23
10/28/2025 16:00:00,104.95
10/29/2025 16:00:00,104
10/30/2025 16:00:00,103.16
10/31/2025 16:00:00,103.7
11/3/2025 16:00:00,103.57
11/4/2025 16:00:00,101.88
11/5/2025 16:00:00,102.65
11/6/2025 16:00:00,101.09
11/7/2025 16:00:00,101.08
11/10/2025 16:00:00,102.19
11/11/2025 16:00:00,102.39
11/12/2025 16:00:00,102.45
11/13/2025 16:00:00,100.82
11/14/2025 16:00:00,100.63
11/17/2025 16:00:00,99.51
11/18/2025 16:00:00,99.02
11/19/2025 16:00:00,99.05
11/20/2025 16:00:00,96.91
11/21/2025 16:00:00,98.42
11/24/2025 16:00:00,99.58
11/25/2025 16:00:00,100.61
11/26/2025 16:00:00,101.22
11/28/2025 13:05:00,102.15
12/1/2025 16:00:00,101.78
12/2/2025 16:00:00,102.78
12/3/2025 16:00:00,103.92
12/4/2025 16:00:00,103.59
12/5/2025 16:00:00,104.08
12/8/2025 16:00:00,103.55
12/9/2025 16:00:00,103.46
12/10/2025 16:00:00,104.44
12/11/2025 16:00:00,104.43
12/12/2025 16:00:00,103.24
12/15/2025 16:00:00,103.03
12/16/2025 16:00:00,102.8
12/17/2025 16:00:00,101.55
12/18/2025 16:00:00,102.49
12/19/2025 16:00:00,103.27
12/22/2025 16:00:00,103.85
12/23/2025 16:00:00,103.46
12/24/2025 13:05:00,103.77
12/26/2025 16:00:00,103.82
12/29/2025 16:00:00,103.55
12/30/2025 16:00:00,103.25
12/31/2025 16:00:00,102.31
1/2/2026 16:00:00,102.36
1/5/2026 16:00:00,103.38
1/6/2026 16:00:00,105.25
1/7/2026 16:00:00,104.84
1/8/2026 16:00:00,104.35
1/9/2026 16:00:00,105.19
1/12/2026 16:00:00,105.08
1/13/2026 16:00:00,104.74
1/14/2026 16:00:00,104.32
1/15/2026 16:00:00,104.48
1/16/2026 16:00:00,104.28
1/20/2026 16:00:00,102.82
1/21/2026 16:00:00,104.5
1/22/2026 16:00:00,105.14
1/23/2026 16:00:00,104.92
1/26/2026 16:00:00,105.5
1/27/2026 16:00:00,105.94
1/28/2026 16:00:00,106.21
1/29/2026 16:00:00,105.4
1/30/2026 16:00:00,103.87
2/2/2026 16:00:00,104.54
2/3/2026 16:00:00,102.6
2/4/2026 16:00:00,101.97
2/5/2026 16:00:00,100.48
2/6/2026 16:00:00,102.55
2/9/2026 16:00:00,103.04
2/10/2026 16:00:00,102.91
2/11/2026 16:00:00,103.28
2/12/2026 16:00:00,101.52
2/13/2026 16:00:00,102.68
2/17/2026 16:00:00,102.33
2/18/2026 16:00:00,103.17
2/19/2026 16:00:00,102.74
2/20/2026 16:00:00,103.24
2/23/2026 16:00:00,101.74
2/24/2026 16:00:00,102.83
2/25/2026 16:00:00,104.03
2/26/2026 16:00:00,103.95
2/27/2026 16:00:00,103.98
3/2/2026 16:00:00,103.72
3/3/2026 16:00:00,102.41
3/4/2026 16:00:00,103.78
3/5/2026 16:00:00,103.33
3/6/2026 16:00:00,102.02
3/9/2026 16:00:00,102.92
3/10/2026 16:00:00,102.33