Date,Open,High,Low,Close,Volume
2020-01-02,14.87,15.39,12.42,12.47,0.0
2020-01-03,15.46,15.46,13.13,14.02,0.0
2020-01-06,15.45,16.39,13.54,13.85,0.0
2020-01-07,13.94,14.46,13.39,13.79,0.0
2020-01-08,14.14,14.14,12.83,13.45,0.0
2020-01-09,12.93,13.24,12.53,12.54,0.0
2020-01-10,12.51,12.87,12.09,12.56,0.0
2020-01-13,12.84,13.09,12.32,12.32,0.0
2020-01-14,12.52,13.82,12.05,12.39,0.0
2020-01-15,12.49,12.83,11.95,12.42,0.0
2020-01-16,12.1,12.42,11.78,12.32,0.0
2020-01-17,12.16,12.48,11.75,12.1,0.0
2020-01-21,13.23,13.33,12.32,12.85,0.0
2020-01-22,12.36,13.01,12.31,12.91,0.0
2020-01-23,13.13,14.15,12.94,12.98,0.0
2020-01-24,12.8,15.98,12.8,14.56,0.0
2020-01-27,17.42,19.02,16.82,18.23,0.0
2020-01-28,17.02,17.02,15.69,16.28,0.0
2020-01-29,15.26,16.65,14.94,16.39,0.0
2020-01-30,17.8,18.39,15.3,15.49,0.0
2020-01-31,16.66,19.99,16.66,18.84,0.0
2020-02-03,18.64,18.88,17.1,17.97,0.0
2020-02-04,16.41,16.41,15.63,16.05,0.0
2020-02-05,15.75,15.75,15.02,15.15,0.0
2020-02-06,15.23,15.66,14.7,14.96,0.0
2020-02-07,15.45,16.16,14.81,15.47,0.0
2020-02-10,15.88,16.43,15.01,15.04,0.0
2020-02-11,14.88,15.27,14.38,15.18,0.0
2020-02-12,14.67,14.67,13.73,13.74,0.0
2020-02-13,15.13,15.13,14.0,14.15,0.0
2020-02-14,13.92,14.54,13.38,13.68,0.0
2020-02-18,14.98,15.49,14.53,14.83,0.0
2020-02-19,14.4,14.74,14.21,14.38,0.0
2020-02-20,14.93,17.21,14.49,15.56,0.0
2020-02-21,16.9,18.21,16.19,17.08,0.0
2020-02-24,22.25,26.35,22.0,25.03,0.0
2020-02-25,23.79,30.25,23.79,27.85,0.0
2020-02-26,26.24,27.56,24.76,27.56,0.0
2020-02-27,28.98,39.31,28.98,39.16,0.0
2020-02-28,40.79,49.48,39.37,40.11,0.0
2020-03-02,34.86,43.77,31.5,33.42,0.0
2020-03-03,33.03,41.06,24.93,36.82,0.0
2020-03-04,32.08,35.58,30.3,31.99,0.0
2020-03-05,35.78,42.84,35.78,39.62,0.0
2020-03-06,45.11,54.39,40.84,41.94,0.0
2020-03-09,41.94,62.12,41.94,54.46,0.0
2020-03-10,44.48,55.66,44.48,47.3,0.0
2020-03-11,53.02,55.82,49.98,53.9,0.0
2020-03-12,61.46,76.83,59.91,75.47,0.0
2020-03-13,71.31,77.57,55.17,57.83,0.0
2020-03-16,57.83,83.56,57.83,82.69,0.0
2020-03-17,79.07,79.07,70.37,75.91,0.0
2020-03-18,69.63,85.47,69.63,76.45,0.0
2020-03-19,78.76,84.26,68.57,72.0,0.0
2020-03-20,67.28,69.51,57.42,66.04,0.0
2020-03-23,74.08,76.74,60.46,61.59,0.0
2020-03-24,55.54,61.88,36.24,61.67,0.0
2020-03-25,66.43,68.86,63.95,63.95,0.0
2020-03-26,63.7,63.7,57.66,61.0,0.0
2020-03-27,66.23,69.1,61.8,65.54,0.0
2020-03-30,66.3,67.69,56.6,57.08,0.0
2020-03-31,56.9,58.75,50.88,53.54,0.0
2020-04-01,59.42,60.59,52.76,57.06,0.0
2020-04-02,53.27,57.24,50.45,50.91,0.0
2020-04-03,51.26,51.26,46.74,46.8,0.0
2020-04-06,44.17,45.73,43.45,45.24,0.0
2020-04-07,44.06,47.51,43.51,46.7,0.0
2020-04-08,45.87,45.87,42.53,43.35,0.0
2020-04-09,43.0,45.73,41.39,41.67,0.0
2020-04-13,44.19,45.73,41.17,41.17,0.0
2020-04-14,40.38,40.38,37.31,37.76,0.0
2020-04-15,40.92,43.23,40.84,40.84,0.0
2020-04-16,41.55,43.02,39.87,40.11,0.0
2020-04-17,38.14,40.26,37.63,38.15,0.0
2020-04-20,40.68,43.83,39.88,43.83,0.0
2020-04-21,46.09,47.77,45.41,45.41,0.0
2020-04-22,43.68,43.68,41.41,41.98,0.0
2020-04-23,41.57,41.57,39.06,41.38,0.0
2020-04-24,39.65,39.65,35.6,35.93,0.0
2020-04-27,36.29,36.44,32.51,33.29,0.0
2020-04-28,31.87,35.39,30.54,33.57,0.0
2020-04-29,32.64,33.19,30.71,31.23,0.0
2020-04-30,31.85,35.94,31.85,34.15,0.0
2020-05-01,38.51,39.57,36.59,37.19,0.0
2020-05-04,39.13,40.32,35.53,35.97,0.0
2020-05-05,34.61,34.61,31.95,33.61,0.0
2020-05-06,32.11,34.12,31.68,34.12,0.0
2020-05-07,31.69,31.69,30.37,31.44,0.0
2020-05-08,29.97,30.39,27.89,27.98,0.0
2020-05-11,28.46,31.46,26.97,27.57,0.0
2020-05-12,27.15,33.04,26.0,33.04,0.0
2020-05-13,31.29,37.42,31.29,35.28,0.0
2020-05-14,36.19,39.28,32.33,32.61,0.0
2020-05-15,34.11,35.13,31.04,31.89,0.0
2020-05-18,30.71,31.08,28.35,29.3,0.0
2020-05-19,29.54,30.74,28.37,30.53,0.0
2020-05-20,28.93,28.93,27.83,27.99,0.0
2020-05-21,28.6,30.2,27.67,29.53,0.0
2020-05-22,30.13,30.13,28.03,28.16,0.0
2020-05-26,27.72,28.58,27.18,28.01,0.0
2020-05-27,27.15,30.53,25.92,27.62,0.0
2020-05-28,28.26,29.89,27.43,28.59,0.0
2020-05-29,29.21,30.16,27.29,27.51,0.0
2020-06-01,28.94,30.6,28.11,28.23,0.0
2020-06-02,27.75,27.75,26.66,26.84,0.0
2020-06-03,26.81,26.98,25.04,25.66,0.0
2020-06-04,26.17,26.43,24.38,25.81,0.0
2020-06-05,24.88,24.88,23.54,24.52,0.0
2020-06-08,25.56,25.98,24.65,25.81,0.0
2020-06-09,26.69,27.7,25.71,27.57,0.0
2020-06-10,27.27,29.01,26.06,27.57,0.0
2020-06-11,30.67,42.58,30.67,40.79,0.0
2020-06-12,37.1,44.16,34.97,36.09,0.0
2020-06-15,44.09,44.44,34.28,34.4,0.0
2020-06-16,33.99,37.45,31.73,33.67,0.0
2020-06-17,32.87,35.17,32.25,33.47,0.0
2020-06-18,34.78,36.25,32.24,32.94,0.0
2020-06-19,31.67,35.12,30.4,35.12,0.0
2020-06-22,35.22,35.39,31.64,31.77,0.0
2020-06-23,30.91,31.37,29.26,31.37,0.0
2020-06-24,32.78,37.12,32.78,33.84,0.0
2020-06-25,34.84,34.84,31.59,32.22,0.0
2020-06-26,31.87,36.25,31.04,34.73,0.0
2020-06-29,35.05,36.31,31.78,31.78,0.0
2020-06-30,31.93,31.93,29.56,30.43,0.0
2020-07-01,31.17,31.76,28.2,28.62,0.0
2020-07-02,27.95,27.95,25.9,27.68,0.0
2020-07-06,27.76,28.33,24.92,27.94,0.0
2020-07-07,28.68,29.63,27.25,29.43,0.0
2020-07-08,28.92,30.2,27.24,28.08,0.0
2020-07-09,28.28,31.48,26.11,29.26,0.0
2020-07-10,29.63,29.63,27.13,27.29,0.0
2020-07-13,27.85,32.45,26.87,32.19,0.0
2020-07-14,31.13,33.67,29.21,29.52,0.0
2020-07-15,28.27,30.09,27.17,27.76,0.0
2020-07-16,28.82,28.82,26.98,28.0,0.0
2020-07-17,27.23,27.23,25.41,25.68,0.0
2020-07-20,26.94,27.08,24.35,24.46,0.0
2020-07-21,24.15,25.65,23.61,24.84,0.0
2020-07-22,25.32,25.32,24.13,24.32,0.0
2020-07-23,23.95,26.95,23.6,26.08,0.0
2020-07-24,27.03,28.58,25.53,25.84,0.0
2020-07-27,26.6,26.94,24.55,24.74,0.0
2020-07-28,25.42,25.85,24.05,25.44,0.0
2020-07-29,25.29,25.29,23.73,24.1,0.0
2020-07-30,26.22,28.29,24.64,24.76,0.0
2020-07-31,24.52,26.41,23.55,24.46,0.0
2020-08-03,25.75,26.01,22.17,24.28,0.0
2020-08-04,24.18,24.18,22.92,23.76,0.0
2020-08-05,23.12,23.61,22.86,22.99,0.0
2020-08-06,23.68,24.11,20.97,22.65,0.0
2020-08-07,23.65,23.65,22.02,22.21,0.0
2020-08-10,22.88,23.52,21.46,22.13,0.0
2020-08-11,21.18,24.93,20.28,24.03,0.0
2020-08-12,22.54,22.54,21.54,22.28,0.0
2020-08-13,22.39,22.92,21.45,22.13,0.0
2020-08-14,22.96,22.96,21.79,22.05,0.0
2020-08-17,22.52,22.82,21.34,21.35,0.0
2020-08-18,21.3,22.55,21.3,21.51,0.0
2020-08-19,21.62,22.98,20.99,22.54,0.0
2020-08-20,23.55,23.55,22.37,22.72,0.0
2020-08-21,23.07,24.47,22.06,22.54,0.0
2020-08-24,22.87,23.18,21.25,22.37,0.0
2020-08-25,22.34,23.43,21.53,22.03,0.0
2020-08-26,22.04,23.27,20.92,23.27,0.0
2020-08-27,23.3,27.09,21.44,24.47,0.0
2020-08-28,24.97,26.3,22.64,22.96,0.0
2020-08-31,23.91,26.5,21.77,26.41,0.0
2020-09-01,25.67,26.59,25.02,26.12,0.0
2020-09-02,25.87,27.07,25.53,26.57,0.0
2020-09-03,26.23,35.94,25.66,33.6,0.0
2020-09-04,33.16,38.28,29.5,30.75,0.0
2020-09-08,30.61,35.93,30.52,31.46,0.0
2020-09-09,31.45,31.45,28.12,28.81,0.0
2020-09-10,29.59,30.56,27.59,29.71,0.0
2020-09-11,28.26,29.73,26.51,26.87,0.0
2020-09-14,25.86,26.79,25.38,25.85,0.0
2020-09-15,25.54,26.0,24.92,25.59,0.0
2020-09-16,25.17,26.59,24.84,26.04,0.0
2020-09-17,27.66,28.92,26.26,26.46,0.0
2020-09-18,26.05,28.1,25.28,25.83,0.0
2020-09-21,28.04,31.18,27.39,27.78,0.0
2020-09-22,27.7,27.7,26.48,26.86,0.0
2020-09-23,26.36,29.73,25.19,28.58,0.0
2020-09-24,28.93,30.49,27.94,28.51,0.0
2020-09-25,29.84,29.84,26.02,26.38,0.0
2020-09-28,27.15,27.19,24.9,26.19,0.0
2020-09-29,26.68,27.43,25.98,26.27,0.0
2020-09-30,26.28,26.37,25.06,26.37,0.0
2020-10-01,25.89,27.11,25.33,26.7,0.0
2020-10-02,29.11,29.11,26.93,27.63,0.0
2020-10-05,29.52,29.69,27.27,27.96,0.0
2020-10-06,28.48,30.0,26.01,29.48,0.0
2020-10-07,29.48,29.48,27.94,28.06,0.0
2020-10-08,27.8,27.8,24.88,26.36,0.0
2020-10-09,25.97,25.97,24.03,25.0,0.0
2020-10-12,25.65,25.65,24.14,25.07,0.0
2020-10-13,25.25,26.93,25.25,26.07,0.0
2020-10-14,26.28,27.23,26.28,26.4,0.0
2020-10-15,28.25,28.25,26.82,26.97,0.0
2020-10-16,27.11,27.41,26.19,27.41,0.0
2020-10-19,27.36,29.69,27.04,29.18,0.0
2020-10-20,28.34,29.6,28.34,29.35,0.0
2020-10-21,30.03,30.55,28.37,28.65,0.0
2020-10-22,29.17,29.17,27.68,28.11,0.0
2020-10-23,27.78,28.67,27.26,27.55,0.0
2020-10-26,29.38,33.68,29.22,32.46,0.0
2020-10-27,32.16,33.77,32.16,33.35,0.0
2020-10-28,36.7,40.77,36.7,40.28,0.0
2020-10-29,39.62,41.16,35.63,37.59,0.0
2020-10-30,37.11,38.02,36.5,38.02,0.0
2020-11-02,38.57,38.78,36.13,37.13,0.0
2020-11-03,35.73,35.73,34.19,35.55,0.0
2020-11-04,32.53,32.53,28.03,29.57,0.0
2020-11-05,26.86,28.14,26.04,27.58,0.0
2020-11-06,28.35,28.35,24.56,24.86,0.0
2020-11-09,24.8,25.82,22.41,25.75,0.0
2020-11-10,24.87,26.77,24.8,24.8,0.0
2020-11-11,24.12,24.12,22.57,23.45,0.0
2020-11-12,24.19,27.27,24.19,25.35,0.0
2020-11-13,24.41,24.41,22.74,23.1,0.0
2020-11-16,23.66,24.08,22.43,22.45,0.0
2020-11-17,23.07,24.09,22.34,22.71,0.0
2020-11-18,21.88,23.92,21.66,23.84,0.0
2020-11-19,23.59,23.59,22.56,23.11,0.0
2020-11-20,22.67,23.73,22.13,23.7,0.0
2020-11-23,23.66,23.96,22.45,22.66,0.0
2020-11-24,22.1,22.48,20.8,21.64,0.0
2020-11-25,22.05,22.5,21.13,21.25,0.0
2020-11-27,21.52,21.6,19.51,20.84,0.0
2020-11-30,22.64,22.89,20.48,20.57,0.0
2020-12-01,20.16,20.92,20.16,20.77,0.0
2020-12-02,20.91,21.25,20.04,21.17,0.0
2020-12-03,20.96,21.88,20.72,21.28,0.0
2020-12-04,21.1,21.15,19.97,20.79,0.0
2020-12-07,22.04,22.62,21.17,21.3,0.0
2020-12-08,22.06,22.06,20.52,20.68,0.0
2020-12-09,20.56,22.93,20.1,22.27,0.0
2020-12-10,22.15,23.46,22.15,22.52,0.0
2020-12-11,24.2,25.14,23.31,23.31,0.0
2020-12-14,22.67,24.82,21.95,24.72,0.0
2020-12-15,23.09,23.09,22.73,22.89,0.0
2020-12-16,22.5,23.67,22.5,22.5,0.0
2020-12-17,22.04,22.27,21.52,21.93,0.0
2020-12-18,21.8,23.77,21.57,21.57,0.0
2020-12-21,24.25,31.46,24.23,25.16,0.0
2020-12-22,24.32,24.32,23.53,24.23,0.0
2020-12-23,23.62,23.68,22.13,23.31,0.0
2020-12-28,22.56,22.83,21.15,21.7,0.0
2020-12-29,21.43,23.72,20.99,23.08,0.0
2020-12-30,22.57,23.15,22.57,22.77,0.0
2020-12-31,22.65,23.25,21.24,22.75,0.0
2021-01-04,23.04,29.19,22.56,26.97,0.0
2021-01-05,27.45,28.6,24.8,25.34,0.0
2021-01-06,24.5,26.77,22.14,25.07,0.0
2021-01-07,23.49,23.49,22.25,22.37,0.0
2021-01-08,22.38,23.34,21.42,21.56,0.0
2021-01-11,23.31,24.81,23.23,24.08,0.0
2021-01-12,23.27,25.15,22.83,23.33,0.0
2021-01-13,23.77,24.18,21.92,22.21,0.0
2021-01-14,22.19,23.47,21.66,23.25,0.0
2021-01-15,23.91,25.8,23.08,24.34,0.0
2021-01-19,23.03,23.56,22.53,23.24,0.0
2021-01-20,22.35,22.35,21.37,21.58,0.0
2021-01-21,21.24,22.22,21.09,21.32,0.0
2021-01-22,23.34,23.34,21.27,21.91,0.0
2021-01-25,22.31,26.63,22.2,23.19,0.0
2021-01-26,23.1,23.1,22.55,23.02,0.0
2021-01-27,23.82,37.21,23.71,37.21,0.0
2021-01-28,31.8,31.8,27.39,30.21,0.0
2021-01-29,32.71,37.51,29.24,33.09,0.0
2021-02-01,31.45,33.96,29.03,30.24,0.0
2021-02-02,27.75,27.75,25.31,25.56,0.0
2021-02-03,24.56,25.43,22.91,22.91,0.0
2021-02-04,23.05,23.05,21.68,21.77,0.0
2021-02-05,21.88,22.16,20.86,20.87,0.0
2021-02-08,21.89,22.07,21.23,21.24,0.0
2021-02-09,21.81,22.26,20.65,21.63,0.0
2021-02-10,21.63,23.85,19.69,21.99,0.0
2021-02-11,21.92,23.25,21.11,21.25,0.0
2021-02-12,21.65,21.65,19.95,19.97,0.0
2021-02-16,21.13,22.46,20.88,21.46,0.0
2021-02-17,21.5,23.44,21.09,21.5,0.0
2021-02-18,22.72,24.23,22.49,22.49,0.0
2021-02-19,22.29,22.29,20.84,22.05,0.0
2021-02-22,24.46,25.09,21.96,23.45,0.0
2021-02-23,24.55,27.0,22.5,23.11,0.0
2021-02-24,23.12,25.04,21.31,21.34,0.0
2021-02-25,22.63,31.16,22.63,28.89,0.0
2021-02-26,29.55,29.55,25.23,27.95,0.0
2021-03-01,25.2,25.39,23.17,23.35,0.0
2021-03-02,23.21,24.6,22.8,24.1,0.0
2021-03-03,22.99,26.79,22.99,26.67,0.0
2021-03-04,26.59,31.9,24.93,28.57,0.0
2021-03-05,27.94,30.03,24.33,24.66,0.0
2021-03-08,27.61,28.39,24.07,25.47,0.0
2021-03-09,24.61,24.61,22.9,24.03,0.0
2021-03-10,23.35,23.35,22.38,22.56,0.0
2021-03-11,22.33,22.33,21.45,21.91,0.0
2021-03-12,22.66,22.66,20.63,20.69,0.0
2021-03-15,21.84,21.86,19.87,20.03,0.0
2021-03-16,20.09,20.09,19.33,19.79,0.0
2021-03-17,20.26,20.95,19.18,19.23,0.0
2021-03-18,19.77,22.6,19.77,21.58,0.0
2021-03-19,21.07,23.17,19.9,20.95,0.0
2021-03-22,21.91,22.29,18.87,18.88,0.0
2021-03-23,19.7,21.58,18.8,20.3,0.0
2021-03-24,20.03,21.49,19.3,21.2,0.0
2021-03-25,20.57,23.55,19.81,19.81,0.0
2021-03-26,19.77,21.49,18.68,18.86,0.0
2021-03-29,20.4,21.6,19.42,20.74,0.0
2021-03-30,21.25,21.75,19.47,19.61,0.0
2021-03-31,19.83,19.83,18.85,19.4,0.0
2021-04-01,18.6,18.64,17.29,17.33,0.0
2021-04-05,18.16,18.4,17.35,17.91,0.0
2021-04-06,18.06,18.3,17.37,18.12,0.0
2021-04-07,17.9,18.17,16.87,17.16,0.0
2021-04-08,17.03,17.36,16.55,16.95,0.0
2021-04-09,16.93,17.34,16.2,16.69,0.0
2021-04-12,17.43,17.91,16.81,16.91,0.0
2021-04-13,17.41,17.41,16.43,16.65,0.0
2021-04-14,16.7,17.69,15.38,16.99,0.0
2021-04-15,16.88,16.88,15.94,16.57,0.0
2021-04-16,16.65,16.88,16.05,16.25,0.0
2021-04-19,17.04,18.61,16.78,17.29,0.0
2021-04-20,18.47,19.7,18.47,18.68,0.0
2021-04-21,18.25,19.29,16.91,17.5,0.0
2021-04-22,17.28,19.9,16.99,18.71,0.0
2021-04-23,18.35,18.78,16.8,17.33,0.0
2021-04-26,17.94,18.17,16.87,17.64,0.0
2021-04-27,17.66,18.16,16.97,17.56,0.0
2021-04-28,17.36,17.84,16.67,17.28,0.0
2021-04-29,16.96,18.87,16.96,17.61,0.0
2021-04-30,18.43,19.25,18.43,18.61,0.0
2021-05-03,18.65,19.12,17.8,18.31,0.0
2021-05-04,18.19,21.85,18.19,19.48,0.0
2021-05-05,18.72,19.58,17.89,19.15,0.0
2021-05-06,18.78,20.6,18.39,18.39,0.0
2021-05-07,18.3,18.3,16.68,16.69,0.0
2021-05-10,17.34,19.75,17.07,19.66,0.0
2021-05-11,21.53,23.73,20.71,21.84,0.0
2021-05-12,22.4,28.38,22.4,27.59,0.0
2021-05-13,27.22,27.22,22.23,23.13,0.0
2021-05-14,21.56,21.56,18.66,18.81,0.0
2021-05-17,19.89,21.58,19.67,19.72,0.0
2021-05-18,19.39,21.45,19.39,21.34,0.0
2021-05-19,23.11,25.96,21.88,22.18,0.0
2021-05-20,22.71,22.71,20.19,20.67,0.0
2021-05-21,20.53,20.53,19.53,20.15,0.0
2021-05-24,20.5,20.51,18.38,18.4,0.0
2021-05-25,18.31,19.29,16.87,18.84,0.0
2021-05-26,18.35,18.92,17.35,17.36,0.0
2021-05-27,17.85,17.85,16.52,16.74,0.0
2021-05-28,16.74,16.76,15.9,16.76,0.0
2021-06-01,17.24,18.53,15.68,17.9,0.0
2021-06-02,17.92,17.92,16.74,17.48,0.0
2021-06-03,18.91,19.27,17.45,18.04,0.0
2021-06-04,17.97,17.97,16.18,16.42,0.0
2021-06-07,17.34,17.35,15.78,16.42,0.0
2021-06-08,16.4,17.75,15.15,17.07,0.0
2021-06-09,17.18,17.96,15.55,17.89,0.0
2021-06-10,17.76,18.29,16.01,16.1,0.0
2021-06-11,15.76,15.76,15.15,15.65,0.0
2021-06-14,16.04,17.04,15.04,16.39,0.0
2021-06-15,16.47,17.35,16.47,17.02,0.0
2021-06-16,17.25,19.11,16.42,18.15,0.0
2021-06-17,18.1,19.22,16.71,17.75,0.0
2021-06-18,18.56,21.04,18.56,20.7,0.0
2021-06-21,21.74,21.82,17.81,17.89,0.0
2021-06-22,17.53,17.53,15.76,16.66,0.0
2021-06-23,16.63,16.84,14.86,16.32,0.0
2021-06-24,15.6,16.05,14.19,15.97,0.0
2021-06-25,16.02,16.02,15.21,15.62,0.0
2021-06-28,16.07,16.46,15.39,15.76,0.0
2021-06-29,15.68,16.31,14.1,16.02,0.0
2021-06-30,16.6,16.6,15.58,15.83,0.0
2021-07-01,15.93,15.93,15.31,15.48,0.0
2021-07-02,15.37,15.37,14.25,15.07,0.0
2021-07-06,15.77,17.94,15.73,16.44,0.0
2021-07-07,16.16,17.64,16.08,16.2,0.0
2021-07-08,20.4,21.29,19.0,19.0,0.0
2021-07-09,17.47,17.47,16.08,16.18,0.0
2021-07-12,16.85,17.52,16.14,16.17,0.0
2021-07-13,16.06,17.23,15.94,17.12,0.0
2021-07-14,16.74,17.51,15.95,16.33,0.0
2021-07-15,17.54,18.09,17.01,17.01,0.0
2021-07-16,16.63,18.7,16.03,18.45,0.0
2021-07-19,19.61,25.09,19.27,22.5,0.0
2021-07-20,21.81,22.97,19.37,19.73,0.0
2021-07-21,19.04,19.04,17.81,17.91,0.0
2021-07-22,17.6,18.45,17.4,17.69,0.0
2021-07-23,17.09,17.48,16.33,17.2,0.0
2021-07-26,18.67,19.39,17.53,17.58,0.0
2021-07-27,18.36,20.44,18.25,19.36,0.0
2021-07-28,18.86,18.86,17.52,18.31,0.0
2021-07-29,17.62,17.7,17.19,17.7,0.0
2021-07-30,18.86,18.86,17.53,18.24,0.0
2021-08-02,18.16,19.87,17.99,19.46,0.0
2021-08-03,18.73,20.44,17.7,18.04,0.0
2021-08-04,18.32,18.9,17.67,17.97,0.0
2021-08-05,17.77,17.77,17.23,17.28,0.0
2021-08-06,17.11,17.11,16.14,16.15,0.0
2021-08-09,17.12,17.39,16.59,16.72,0.0
2021-08-10,16.67,17.05,16.34,16.79,0.0
2021-08-11,16.85,16.85,15.87,16.06,0.0
2021-08-12,16.07,16.42,15.49,15.59,0.0
2021-08-13,15.57,15.57,15.19,15.45,0.0
2021-08-16,17.05,17.71,16.02,16.12,0.0
2021-08-17,17.18,19.56,17.18,17.91,0.0
2021-08-18,17.84,21.64,17.31,21.57,0.0
2021-08-19,23.96,23.96,20.37,21.67,0.0
2021-08-20,23.41,23.41,18.18,18.56,0.0
2021-08-23,18.83,18.95,16.95,17.15,0.0
2021-08-24,17.18,17.51,17.18,17.22,0.0
2021-08-25,17.35,17.5,16.46,16.79,0.0
2021-08-26,17.44,19.27,17.44,18.84,0.0
2021-08-27,17.86,18.22,16.11,16.39,0.0
2021-08-30,16.77,16.8,15.98,16.19,0.0
2021-08-31,16.43,17.07,16.43,16.48,0.0
2021-09-01,16.2,16.71,15.68,16.11,0.0
2021-09-02,16.08,16.98,15.73,16.41,0.0
2021-09-03,16.31,17.06,16.08,16.41,0.0
2021-09-07,16.94,18.39,16.89,18.14,0.0
2021-09-08,18.28,18.28,17.78,17.96,0.0
2021-09-09,18.93,18.93,17.17,18.8,0.0
2021-09-10,17.46,21.13,16.99,20.95,0.0
2021-09-13,19.64,21.18,18.76,19.37,0.0
2021-09-14,19.45,20.47,18.39,19.46,0.0
2021-09-15,19.37,20.27,18.01,18.18,0.0
2021-09-16,18.59,19.76,17.65,18.69,0.0
2021-09-17,19.41,21.51,19.41,20.81,0.0
2021-09-20,24.25,28.79,23.9,25.71,0.0
2021-09-21,23.07,25.6,21.71,24.36,0.0
2021-09-22,22.93,22.93,20.75,20.87,0.0
2021-09-23,19.94,19.94,18.42,18.63,0.0
2021-09-24,20.09,20.41,17.63,17.75,0.0
2021-09-27,17.78,19.32,17.74,18.76,0.0
2021-09-28,21.13,24.82,21.13,23.25,0.0
2021-09-29,22.21,23.79,22.21,22.56,0.0
2021-09-30,21.77,24.71,21.77,23.14,0.0
2021-10-01,23.39,23.39,20.64,21.15,0.0
2021-10-04,22.9,24.58,21.88,22.96,0.0
2021-10-05,22.29,22.29,20.62,21.3,0.0
2021-10-06,23.48,24.4,20.99,21.0,0.0
2021-10-07,20.21,20.21,19.07,19.54,0.0
2021-10-08,19.3,19.3,18.2,18.77,0.0
2021-10-11,19.93,20.45,18.11,20.0,0.0
2021-10-12,19.62,19.85,18.97,19.85,0.0
2021-10-13,19.51,20.23,18.44,18.64,0.0
2021-10-14,17.72,17.72,16.8,16.86,0.0
2021-10-15,16.66,16.66,15.72,16.3,0.0
2021-10-18,17.29,17.93,16.27,16.31,0.0
2021-10-19,16.01,16.31,15.57,15.7,0.0
2021-10-20,15.63,15.89,15.29,15.49,0.0
2021-10-21,16.0,16.11,14.92,15.01,0.0
2021-10-22,14.97,16.39,14.84,15.43,0.0
2021-10-25,16.14,16.33,15.1,15.24,0.0
2021-10-26,14.95,16.71,14.95,15.98,0.0
2021-10-27,16.08,17.29,15.54,16.98,0.0
2021-10-28,16.57,16.57,16.23,16.53,0.0
2021-10-29,17.74,17.74,16.13,16.26,0.0
2021-11-01,16.85,17.7,16.32,16.41,0.0
2021-11-02,16.5,16.5,15.89,16.03,0.0
2021-11-03,16.1,16.39,14.9,15.1,0.0
2021-11-04,14.99,16.14,14.73,15.44,0.0
2021-11-05,15.34,17.02,14.95,16.48,0.0
2021-11-08,17.23,17.69,16.44,17.22,0.0
2021-11-09,17.26,18.57,17.26,17.78,0.0
2021-11-10,18.25,19.9,17.22,18.73,0.0
2021-11-11,17.86,17.86,17.27,17.66,0.0
2021-11-12,17.32,17.32,16.15,16.29,0.0
2021-11-15,17.03,17.46,16.49,16.49,0.0
2021-11-16,16.72,16.72,16.03,16.37,0.0
2021-11-17,16.31,17.19,16.31,17.11,0.0
2021-11-18,16.87,18.15,16.38,17.59,0.0
2021-11-19,18.7,19.01,17.23,17.91,0.0
2021-11-22,18.2,19.59,17.35,19.17,0.0
2021-11-23,19.55,20.91,19.03,19.38,0.0
2021-11-24,19.73,20.96,18.52,18.58,0.0
2021-11-26,26.62,28.99,23.88,28.62,0.0
2021-11-29,25.31,25.69,21.71,22.96,0.0
2021-11-30,26.47,28.56,23.71,27.19,0.0
2021-12-01,23.7,32.61,22.38,31.12,0.0
2021-12-02,28.84,30.68,27.15,27.95,0.0
2021-12-03,27.48,35.32,25.89,30.67,0.0
2021-12-06,28.99,30.82,26.75,27.18,0.0
2021-12-07,23.91,23.91,21.58,21.89,0.0
2021-12-08,21.62,21.62,19.85,19.9,0.0
2021-12-09,20.46,22.12,19.94,21.58,0.0
2021-12-10,20.72,20.72,18.69,18.69,0.0
2021-12-13,19.29,21.18,18.96,20.31,0.0
2021-12-14,20.9,23.0,20.9,21.89,0.0
2021-12-15,21.91,23.47,19.02,19.29,0.0
2021-12-16,18.45,22.13,18.45,20.57,0.0
2021-12-17,21.18,23.26,20.49,21.57,0.0
2021-12-20,25.89,27.39,22.85,22.87,0.0
2021-12-21,21.76,21.76,20.9,21.01,0.0
2021-12-22,20.61,20.61,18.59,18.63,0.0
2021-12-23,18.43,18.43,17.62,17.96,0.0
2021-12-27,19.37,19.41,17.55,17.68,0.0
2021-12-28,17.77,18.47,17.51,17.54,0.0
2021-12-29,17.73,18.0,16.71,16.95,0.0
2021-12-30,17.03,17.79,16.62,17.33,0.0
2021-12-31,18.16,18.16,16.99,17.22,0.0
2022-01-03,17.6,18.54,16.56,16.6,0.0
2022-01-04,16.67,17.81,16.67,16.91,0.0
2022-01-05,17.04,20.17,16.58,19.73,0.0
2022-01-06,19.76,21.06,19.08,19.61,0.0
2022-01-07,19.68,20.8,18.57,18.76,0.0
2022-01-10,19.58,23.33,19.29,19.4,0.0
2022-01-11,19.33,21.0,18.2,18.41,0.0
2022-01-12,18.33,18.33,17.36,17.62,0.0
2022-01-13,17.93,20.61,17.45,20.31,0.0
2022-01-14,20.4,22.07,19.05,19.19,0.0
2022-01-18,21.18,23.2,21.18,22.79,0.0
2022-01-19,22.07,23.99,21.85,23.85,0.0
2022-01-20,23.07,25.89,21.68,25.59,0.0
2022-01-21,26.99,29.79,26.99,28.85,0.0
2022-01-24,28.2,38.94,28.02,29.9,0.0
2022-01-25,32.79,35.85,29.13,31.16,0.0
2022-01-26,28.69,33.04,26.9,31.96,0.0
2022-01-27,30.09,33.0,28.42,30.49,0.0
2022-01-28,31.18,32.82,27.28,27.66,0.0
2022-01-31,28.36,29.41,24.71,24.83,0.0
2022-02-01,25.06,25.06,21.96,21.96,0.0
2022-02-02,21.28,22.73,20.46,22.09,0.0
2022-02-03,23.17,25.81,22.3,24.35,0.0
2022-02-04,25.85,26.26,22.07,23.22,0.0
2022-02-07,24.09,24.82,22.02,22.86,0.0
2022-02-08,23.07,23.48,21.32,21.44,0.0
2022-02-09,20.63,20.63,19.93,19.96,0.0
2022-02-10,20.58,24.77,20.18,23.91,0.0
2022-02-11,24.47,30.99,23.33,27.36,0.0
2022-02-14,29.17,32.04,28.33,28.33,0.0
2022-02-15,25.79,25.79,25.33,25.7,0.0
2022-02-16,25.4,27.09,23.88,24.29,0.0
2022-02-17,25.28,28.37,24.76,28.11,0.0
2022-02-18,26.81,29.71,26.81,27.75,0.0
2022-02-22,31.8,32.04,28.4,28.81,0.0
2022-02-23,28.25,31.07,28.25,31.02,0.0
2022-02-24,36.86,36.86,29.45,30.32,0.0
2022-02-25,30.43,30.43,26.93,27.59,0.0
2022-02-28,32.44,33.51,28.43,30.15,0.0
2022-03-01,32.03,35.19,32.03,33.32,0.0
2022-03-02,32.51,32.51,30.12,30.74,0.0
2022-03-03,30.79,32.01,29.31,30.48,0.0
2022-03-04,34.34,34.65,31.47,31.98,0.0
2022-03-07,35.88,36.55,32.59,36.45,0.0
2022-03-08,34.45,37.52,32.78,35.13,0.0
2022-03-09,32.97,32.97,31.39,32.45,0.0
2022-03-10,33.76,34.03,30.23,30.23,0.0
2022-03-11,29.17,31.04,29.17,30.75,0.0
2022-03-14,31.03,33.18,30.06,31.77,0.0
2022-03-15,31.87,31.87,29.57,29.83,0.0
2022-03-16,28.63,29.8,26.29,26.67,0.0
2022-03-17,26.89,26.89,25.25,25.67,0.0
2022-03-18,26.74,26.74,23.85,23.87,0.0
2022-03-21,25.14,25.36,22.99,23.53,0.0
2022-03-22,23.28,23.28,22.7,22.94,0.0
2022-03-23,23.76,24.03,22.64,23.57,0.0
2022-03-24,23.21,23.79,21.49,21.67,0.0
2022-03-25,21.99,22.86,20.8,20.81,0.0
2022-03-28,22.14,23.33,19.54,19.63,0.0
2022-03-29,19.4,19.73,18.67,18.9,0.0
2022-03-30,19.58,20.51,18.72,19.33,0.0
2022-03-31,20.1,21.48,19.54,20.56,0.0
2022-04-01,20.23,20.86,19.41,19.63,0.0
2022-04-04,20.75,20.78,18.45,18.57,0.0
2022-04-05,19.28,21.57,19.28,21.03,0.0
2022-04-06,23.04,24.78,22.1,22.1,0.0
2022-04-07,21.7,23.82,21.12,21.55,0.0
2022-04-08,21.26,22.34,20.28,21.16,0.0
2022-04-11,23.09,24.42,22.09,24.37,0.0
2022-04-12,24.49,24.49,22.27,24.26,0.0
2022-04-13,23.26,24.45,21.37,21.82,0.0
2022-04-14,21.5,22.7,20.85,22.7,0.0
2022-04-18,24.52,24.6,21.98,22.17,0.0
2022-04-19,22.54,22.54,20.36,21.37,0.0
2022-04-20,20.72,20.72,19.75,20.32,0.0
2022-04-21,19.88,23.28,19.81,22.68,0.0
2022-04-22,23.28,28.27,23.28,28.21,0.0
2022-04-25,30.04,31.6,26.8,27.02,0.0
2022-04-26,27.59,33.81,27.59,33.52,0.0
2022-04-27,30.92,32.77,29.82,31.6,0.0
2022-04-28,29.41,32.0,28.0,29.99,0.0
2022-04-29,29.7,34.34,29.7,33.4,0.0
2022-05-02,33.35,36.64,31.74,32.34,0.0
2022-05-03,32.63,32.63,29.06,29.25,0.0
2022-05-04,28.98,29.42,24.94,25.42,0.0
2022-05-05,25.93,33.2,25.78,31.2,0.0
2022-05-06,33.22,35.34,29.83,30.19,0.0
2022-05-09,31.9,35.48,31.9,34.75,0.0
2022-05-10,33.8,34.84,32.24,32.99,0.0
2022-05-11,32.27,34.39,30.69,32.56,0.0
2022-05-12,33.89,34.76,31.7,31.77,0.0
2022-05-13,30.71,30.71,28.78,28.87,0.0
2022-05-16,30.01,30.23,27.36,27.47,0.0
2022-05-17,26.71,27.17,25.51,26.1,0.0
2022-05-18,26.73,31.49,26.73,30.96,0.0
2022-05-19,32.24,32.24,29.06,29.35,0.0
2022-05-20,28.73,32.91,28.06,29.43,0.0
2022-05-23,28.98,30.39,28.29,28.48,0.0
2022-05-24,29.11,31.07,29.11,29.45,0.0
2022-05-25,29.82,30.23,28.16,28.37,0.0
2022-05-26,28.15,28.15,27.11,27.5,0.0
2022-05-27,27.18,27.18,25.57,25.72,0.0
2022-05-31,27.47,28.35,25.94,26.19,0.0
2022-06-01,26.23,27.73,25.38,25.69,0.0
2022-06-02,25.54,26.5,24.33,24.72,0.0
2022-06-03,25.46,25.96,24.76,24.79,0.0
2022-06-06,25.37,25.81,24.82,25.07,0.0
2022-06-07,26.17,26.24,23.88,24.02,0.0
2022-06-08,24.37,24.78,23.74,23.96,0.0
2022-06-09,23.94,26.24,23.94,26.09,0.0
2022-06-10,26.56,29.63,26.56,27.75,0.0
2022-06-13,31.37,35.05,31.29,34.02,0.0
2022-06-14,33.37,34.0,32.06,32.69,0.0
2022-06-15,32.58,32.58,27.76,29.62,0.0
2022-06-16,31.84,34.82,31.84,32.95,0.0
2022-06-17,32.08,33.31,30.47,31.13,0.0
2022-06-21,30.63,30.65,29.33,30.19,0.0
2022-06-22,31.17,31.17,28.78,28.95,0.0
2022-06-23,29.1,29.77,28.74,29.05,0.0
2022-06-24,28.7,29.72,26.83,27.23,0.0
2022-06-27,28.3,28.66,26.93,26.95,0.0
2022-06-28,26.93,28.68,26.47,28.36,0.0
2022-06-29,28.89,29.36,27.85,28.16,0.0
2022-06-30,29.8,30.22,28.28,28.71,0.0
2022-07-01,28.67,28.67,26.69,26.7,0.0
2022-07-05,27.37,29.82,27.3,27.54,0.0
2022-07-06,27.85,28.07,26.43,26.73,0.0
2022-07-07,26.62,26.62,25.66,26.08,0.0
2022-07-08,26.26,26.61,24.43,24.64,0.0
2022-07-11,26.42,26.74,25.79,26.17,0.0
2022-07-12,27.08,27.75,25.82,27.29,0.0
2022-07-13,27.23,29.06,26.23,26.82,0.0
2022-07-14,27.98,28.45,26.2,26.4,0.0
2022-07-15,26.15,26.15,24.13,24.23,0.0
2022-07-18,24.83,25.91,24.38,25.3,0.0
2022-07-19,24.67,24.67,24.23,24.5,0.0
2022-07-20,24.49,24.73,23.4,23.88,0.0
2022-07-21,23.95,24.67,22.92,23.11,0.0
2022-07-22,23.18,23.81,22.41,23.03,0.0
2022-07-25,24.33,24.57,23.19,23.36,0.0
2022-07-26,24.04,25.31,24.04,24.69,0.0
2022-07-27,24.35,24.41,23.02,23.24,0.0
2022-07-28,23.17,23.17,22.22,22.33,0.0
2022-07-29,21.9,22.16,21.21,21.33,0.0
2022-08-01,22.41,23.27,22.26,22.84,0.0
2022-08-02,24.38,24.68,22.67,23.93,0.0
2022-08-03,23.42,23.42,21.68,21.95,0.0
2022-08-04,21.86,22.66,21.44,21.44,0.0
2022-08-05,21.82,22.58,20.76,21.15,0.0
2022-08-08,21.74,22.01,20.83,21.29,0.0
2022-08-09,21.78,22.23,21.77,21.77,0.0
2022-08-10,22.27,22.27,19.54,19.74,0.0
2022-08-11,19.9,20.85,19.71,20.2,0.0
2022-08-12,20.19,20.19,19.12,19.53,0.0
2022-08-15,20.74,21.16,19.81,19.95,0.0
2022-08-16,20.06,20.39,19.5,19.69,0.0
2022-08-17,20.39,20.63,19.41,19.9,0.0
2022-08-18,20.17,20.17,19.43,19.56,0.0
2022-08-19,20.78,21.27,20.6,20.6,0.0
2022-08-22,22.41,24.62,22.39,23.8,0.0
2022-08-23,23.69,24.11,23.07,24.11,0.0
2022-08-24,24.04,24.04,22.73,22.82,0.0
2022-08-25,22.78,23.13,21.77,21.78,0.0
2022-08-26,22.4,25.9,21.67,25.56,0.0
2022-08-29,26.86,27.67,25.47,26.21,0.0
2022-08-30,25.26,27.69,25.26,26.21,0.0
2022-08-31,26.24,26.24,25.31,25.87,0.0
2022-09-01,26.89,27.45,25.25,25.56,0.0
2022-09-02,25.52,26.28,23.19,25.47,0.0
2022-09-06,25.46,27.8,25.33,26.91,0.0
2022-09-07,26.61,27.15,24.54,24.64,0.0
2022-09-08,24.84,25.9,23.56,23.61,0.0
2022-09-09,22.94,22.94,22.64,22.79,0.0
2022-09-12,23.58,24.23,23.16,23.87,0.0
2022-09-13,23.59,28.15,23.59,27.27,0.0
2022-09-14,26.8,27.56,26.16,26.16,0.0
2022-09-15,26.14,26.93,25.42,26.27,0.0
2022-09-16,27.32,28.45,26.14,26.3,0.0
2022-09-19,27.69,27.95,25.56,25.76,0.0
2022-09-20,26.35,27.81,26.35,27.16,0.0
2022-09-21,27.12,30.18,25.55,27.99,0.0
2022-09-22,27.84,28.38,26.71,27.35,0.0
2022-09-23,29.01,32.31,29.01,29.92,0.0
2022-09-26,31.74,32.88,29.83,32.26,0.0
2022-09-27,31.14,34.14,30.3,32.6,0.0
2022-09-28,34.2,34.2,30.03,30.18,0.0
2022-09-29,31.38,33.46,31.16,31.84,0.0
2022-09-30,31.5,33.25,29.39,31.62,0.0
2022-10-03,33.0,33.06,29.63,30.1,0.0
2022-10-04,29.27,29.62,28.56,29.07,0.0
2022-10-05,29.42,30.11,28.5,28.55,0.0
2022-10-06,29.18,30.74,29.18,30.52,0.0
2022-10-07,30.35,32.02,29.88,31.36,0.0
2022-10-10,32.93,33.99,32.05,32.45,0.0
2022-10-11,33.51,34.43,32.45,33.63,0.0
2022-10-12,33.34,34.53,33.34,33.57,0.0
2022-10-13,33.57,33.87,31.63,31.94,0.0
2022-10-14,31.6,32.98,31.14,32.02,0.0
2022-10-17,32.27,32.59,30.7,31.37,0.0
2022-10-18,30.93,31.93,30.42,30.5,0.0
2022-10-19,31.27,31.9,30.76,30.76,0.0
2022-10-20,30.8,30.8,29.76,29.98,0.0
2022-10-21,30.15,30.44,29.24,29.69,0.0
2022-10-24,30.65,30.95,29.78,29.85,0.0
2022-10-25,29.94,29.94,28.22,28.46,0.0
2022-10-26,28.44,28.52,27.27,27.28,0.0
2022-10-27,27.6,27.6,26.94,27.39,0.0
2022-10-28,27.26,27.26,25.75,25.75,0.0
2022-10-31,26.91,27.07,25.84,25.88,0.0
2022-11-01,25.79,26.35,25.66,25.81,0.0
2022-11-02,26.22,26.62,25.39,25.86,0.0
2022-11-03,26.43,26.87,25.1,25.3,0.0
2022-11-04,25.37,25.37,24.0,24.55,0.0
2022-11-07,25.67,25.67,24.34,24.35,0.0
2022-11-08,24.66,26.16,24.24,25.54,0.0
2022-11-09,25.59,26.35,25.02,26.09,0.0
2022-11-10,26.42,26.42,22.84,23.53,0.0
2022-11-11,23.57,23.57,22.37,22.52,0.0
2022-11-14,23.99,24.33,22.86,23.73,0.0
2022-11-15,23.54,26.22,23.18,24.54,0.0
2022-11-16,24.41,24.72,24.41,24.11,0.0
2022-11-17,24.57,25.18,23.81,23.93,0.0
2022-11-18,23.64,23.64,22.98,23.12,0.0
2022-11-21,24.05,24.12,22.3,22.36,0.0
2022-11-22,22.44,22.44,21.28,21.29,0.0
2022-11-25,21.68,21.68,20.32,20.5,0.0
2022-11-28,22.09,22.5,21.65,22.21,0.0
2022-11-29,22.14,22.57,21.83,21.89,0.0
2022-11-30,21.98,22.63,20.31,20.58,0.0
2022-12-01,20.82,21.06,19.8,19.84,0.0
2022-12-02,20.28,20.96,18.95,19.06,0.0
2022-12-05,20.3,21.29,19.78,20.75,0.0
2022-12-06,20.67,22.6,20.38,22.17,0.0
2022-12-07,22.73,23.01,22.73,22.68,0.0
2022-12-08,22.87,23.28,22.06,22.29,0.0
2022-12-09,22.61,23.21,22.18,22.83,0.0
2022-12-12,24.4,25.05,24.18,25.0,0.0
2022-12-13,25.64,25.84,21.46,22.55,0.0
2022-12-14,22.64,23.47,21.07,21.14,0.0
2022-12-15,21.4,23.67,21.25,22.83,0.0
2022-12-16,23.4,23.4,22.09,22.62,0.0
2022-12-19,22.63,22.86,21.61,22.42,0.0
2022-12-20,22.37,22.37,21.35,21.48,0.0
2022-12-21,20.95,20.95,19.94,20.07,0.0
2022-12-22,20.2,24.3,20.2,21.97,0.0
2022-12-23,21.95,22.64,20.78,20.87,0.0
2022-12-27,21.67,22.8,21.59,21.65,0.0
2022-12-28,21.58,22.26,20.96,22.14,0.0
2022-12-29,22.06,22.06,21.36,21.44,0.0
2022-12-30,22.01,22.4,21.59,21.67,0.0
2023-01-03,23.09,23.76,22.73,22.9,0.0
2023-01-04,22.89,23.27,21.94,22.01,0.0
2023-01-05,22.1,22.92,21.97,22.46,0.0
2023-01-06,22.88,22.9,21.0,21.13,0.0
2023-01-09,21.75,21.98,21.27,21.97,0.0
2023-01-10,22.33,22.46,20.58,20.58,0.0
2023-01-11,20.78,21.25,20.62,21.09,0.0
2023-01-12,21.7,21.7,18.83,18.83,0.0
2023-01-13,19.0,19.41,18.01,18.35,0.0
2023-01-17,19.89,20.22,19.21,19.36,0.0
2023-01-18,19.18,20.58,18.71,20.34,0.0
2023-01-19,21.44,21.71,20.17,20.52,0.0
2023-01-20,20.46,20.7,19.41,19.85,0.0
2023-01-23,20.21,20.33,19.55,19.81,0.0
2023-01-24,20.08,20.47,18.91,19.2,0.0
2023-01-25,20.0,20.9,18.99,19.08,0.0
2023-01-26,19.22,19.48,18.67,18.73,0.0
2023-01-27,18.83,19.0,17.97,18.51,0.0
2023-01-30,19.76,20.25,19.54,19.94,0.0
2023-01-31,20.42,20.42,19.13,19.4,0.0
2023-02-01,19.54,20.04,17.7,17.87,0.0
2023-02-02,17.71,19.25,17.06,18.73,0.0
2023-02-03,18.32,19.3,17.93,18.33,0.0
2023-02-06,19.23,19.81,19.21,19.43,0.0
2023-02-07,19.43,19.99,18.43,18.66,0.0
2023-02-08,18.78,20.12,18.55,19.63,0.0
2023-02-09,19.2,21.08,19.02,20.71,0.0
2023-02-10,21.77,21.94,20.44,20.53,0.0
2023-02-13,21.66,21.69,20.33,20.34,0.0
2023-02-14,20.53,20.53,18.48,18.91,0.0
2023-02-15,19.1,19.1,18.11,18.23,0.0
2023-02-16,18.63,20.27,18.63,20.17,0.0
2023-02-17,20.82,21.3,19.82,20.02,0.0
2023-02-21,22.29,23.34,22.29,22.87,0.0
2023-02-22,23.28,23.28,22.02,22.29,0.0
2023-02-23,21.85,22.43,20.89,21.14,0.0
2023-02-24,21.75,22.9,21.75,21.67,0.0
2023-02-27,21.99,22.02,20.68,20.95,0.0
2023-02-28,20.85,20.85,20.1,20.7,0.0
2023-03-01,20.34,21.32,20.34,20.58,0.0
2023-03-02,20.91,20.91,19.55,19.59,0.0
2023-03-03,19.45,19.45,18.16,18.49,0.0
2023-03-06,19.05,19.19,18.49,18.61,0.0
2023-03-07,18.72,19.74,18.72,19.59,0.0
2023-03-08,19.72,20.01,19.0,19.11,0.0
2023-03-09,19.52,23.14,18.88,22.61,0.0
2023-03-10,22.71,28.97,21.79,24.8,0.0
2023-03-13,24.05,30.81,23.85,26.52,0.0
2023-03-14,26.63,26.63,22.27,23.73,0.0
2023-03-15,27.15,29.91,27.15,26.14,0.0
2023-03-16,27.24,27.49,22.97,22.99,0.0
2023-03-17,23.41,26.14,23.41,25.51,0.0
2023-03-20,27.77,28.91,24.0,24.15,0.0
2023-03-21,22.96,22.96,21.29,21.38,0.0
2023-03-22,21.44,22.38,19.94,22.26,0.0
2023-03-23,21.45,24.91,20.16,22.61,0.0
2023-03-24,24.62,25.21,24.62,21.74,0.0
2023-03-27,22.05,22.93,20.57,20.6,0.0
2023-03-28,20.94,21.4,19.91,19.97,0.0
2023-03-29,19.27,19.45,19.09,19.12,0.0
2023-03-30,18.89,20.08,18.85,19.02,0.0
2023-03-31,19.16,19.16,18.52,18.7,0.0
2023-04-03,19.79,19.83,18.54,18.55,0.0
2023-04-04,18.68,20.03,18.68,19.0,0.0
2023-04-05,19.69,20.08,19.0,19.08,0.0
2023-04-06,19.29,19.88,18.35,18.4,0.0
2023-04-10,19.39,20.05,18.93,18.97,0.0
2023-04-11,19.15,19.28,18.56,19.1,0.0
2023-04-12,19.28,19.98,18.25,19.09,0.0
2023-04-13,18.9,18.9,17.77,17.8,0.0
2023-04-14,17.9,17.9,17.07,17.07,0.0
2023-04-17,17.58,17.79,16.9,16.95,0.0
2023-04-18,16.83,17.34,16.58,16.83,0.0
2023-04-19,17.43,17.43,16.17,16.46,0.0
2023-04-20,17.28,17.69,16.33,17.17,0.0
2023-04-21,17.59,17.59,16.58,16.77,0.0
2023-04-24,18.22,18.24,16.74,16.89,0.0
2023-04-25,17.54,19.86,17.33,18.76,0.0
2023-04-26,19.58,19.58,17.87,18.84,0.0
2023-04-27,18.08,18.08,16.72,17.03,0.0
2023-04-28,17.36,17.36,15.72,15.78,0.0
2023-05-01,16.41,16.62,15.53,16.08,0.0
2023-05-02,16.57,19.81,16.57,17.78,0.0
2023-05-03,17.92,18.83,17.19,18.34,0.0
2023-05-04,19.4,21.33,19.4,20.09,0.0
2023-05-05,18.99,18.99,16.69,17.19,0.0
2023-05-08,17.73,17.88,16.83,16.98,0.0
2023-05-09,17.63,17.86,17.63,17.71,0.0
2023-05-10,17.96,17.96,16.36,16.94,0.0
2023-05-11,17.1,18.19,17.1,16.93,0.0
2023-05-12,16.59,17.92,16.59,17.03,0.0
2023-05-15,17.44,18.16,17.08,17.12,0.0
2023-05-16,17.42,18.3,17.42,17.99,0.0
2023-05-17,17.66,17.66,16.68,16.87,0.0
2023-05-18,16.76,17.15,16.05,16.05,0.0
2023-05-19,16.07,17.36,15.85,16.81,0.0
2023-05-22,17.45,18.13,16.82,17.21,0.0
2023-05-23,17.45,19.31,17.45,18.53,0.0
2023-05-24,19.53,20.81,19.53,20.03,0.0
2023-05-25,19.46,19.46,18.7,19.14,0.0
2023-05-26,18.88,18.88,17.27,17.95,0.0
2023-05-30,17.19,18.34,16.98,17.46,0.0
2023-05-31,17.78,18.4,17.12,17.94,0.0
2023-06-01,17.18,17.59,15.58,15.65,0.0
2023-06-02,15.4,15.4,14.42,14.6,0.0
2023-06-05,15.28,15.29,14.66,14.73,0.0
2023-06-06,14.94,14.94,13.95,13.96,0.0
2023-06-07,14.12,14.12,13.77,13.94,0.0
2023-06-08,14.13,14.21,13.53,13.65,0.0
2023-06-09,13.7,14.14,13.5,13.83,0.0
2023-06-12,14.44,15.02,14.32,15.01,0.0
2023-06-13,14.97,15.06,14.47,14.61,0.0
2023-06-14,14.54,14.73,13.83,13.88,0.0
2023-06-15,14.16,14.52,13.79,14.5,0.0
2023-06-16,14.43,14.54,13.48,13.54,0.0
2023-06-20,14.43,14.67,13.86,13.88,0.0
2023-06-21,13.75,13.75,13.1,13.2,0.0
2023-06-22,13.95,13.95,12.73,12.91,0.0
2023-06-23,13.31,13.8,12.88,13.44,0.0
2023-06-26,14.62,14.62,13.78,14.25,0.0
2023-06-27,14.2,14.34,13.59,13.74,0.0
2023-06-28,13.9,13.96,13.36,13.43,0.0
2023-06-29,13.63,13.85,13.41,13.54,0.0
2023-06-30,14.62,14.62,12.96,13.59,0.0
2023-07-03,13.85,13.85,13.47,13.57,0.0
2023-07-05,14.52,14.52,14.05,14.18,0.0
2023-07-06,14.85,17.08,14.85,15.44,0.0
2023-07-07,15.77,15.77,14.33,14.83,0.0
2023-07-10,16.08,16.21,15.04,15.07,0.0
2023-07-11,14.97,14.97,14.63,14.84,0.0
2023-07-12,14.68,14.68,13.51,13.54,0.0
2023-07-13,13.47,13.61,13.12,13.61,0.0
2023-07-14,13.7,13.7,13.22,13.34,0.0
2023-07-17,13.78,14.0,13.43,13.48,0.0
2023-07-18,13.54,13.67,13.29,13.3,0.0
2023-07-19,13.35,13.84,13.12,13.76,0.0
2023-07-20,13.94,14.23,13.58,13.99,0.0
2023-07-21,13.8,13.8,13.37,13.6,0.0
2023-07-24,14.29,14.3,13.73,13.91,0.0
2023-07-25,14.04,14.09,13.82,13.86,0.0
2023-07-26,14.06,14.16,13.15,13.19,0.0
2023-07-27,13.0,15.02,12.74,14.41,0.0
2023-07-28,13.84,13.84,13.27,13.33,0.0
2023-07-31,13.98,14.09,13.57,13.63,0.0
2023-08-01,13.95,14.3,13.95,13.93,0.0
2023-08-02,15.06,16.48,15.06,16.09,0.0
2023-08-03,16.75,16.75,15.72,15.92,0.0
2023-08-04,15.92,17.39,14.57,17.1,0.0
2023-08-07,16.9,17.36,15.77,15.77,0.0
2023-08-08,16.9,18.14,15.96,15.99,0.0
2023-08-09,15.75,16.87,15.38,15.96,0.0
2023-08-10,15.76,16.86,14.6,15.85,0.0
2023-08-11,15.74,16.51,14.84,14.84,0.0
2023-08-14,15.88,16.06,14.77,14.82,0.0
2023-08-15,15.71,16.57,15.71,16.46,0.0
2023-08-16,16.54,16.93,15.8,16.78,0.0
2023-08-17,16.77,18.13,16.4,17.89,0.0
2023-08-18,18.35,18.88,17.14,17.3,0.0
2023-08-21,18.03,18.11,16.88,17.13,0.0
2023-08-22,16.82,17.58,16.61,16.97,0.0
2023-08-23,17.0,17.1,15.91,15.98,0.0
2023-08-24,15.52,17.32,15.48,17.2,0.0
2023-08-25,17.0,17.36,15.45,15.68,0.0
2023-08-28,16.24,16.28,15.0,15.08,0.0
2023-08-29,15.15,15.3,14.34,14.45,0.0
2023-08-30,14.58,14.58,13.83,13.88,0.0
2023-08-31,13.91,13.91,13.44,13.57,0.0
2023-09-01,13.44,13.44,13.02,13.09,0.0
2023-09-05,14.27,14.27,13.7,14.01,0.0
2023-09-06,14.19,15.3,14.13,14.45,0.0
2023-09-07,14.84,15.69,14.4,14.4,0.0
2023-09-08,14.59,14.59,13.58,13.84,0.0
2023-09-11,14.17,14.33,13.74,13.8,0.0
2023-09-12,14.04,14.42,13.71,14.23,0.0
2023-09-13,14.62,14.68,13.41,13.48,0.0
2023-09-14,13.23,13.23,12.79,12.82,0.0
2023-09-15,12.71,14.17,12.71,13.79,0.0
2023-09-18,14.4,14.75,13.86,14.0,0.0
2023-09-19,13.95,14.88,13.95,14.11,0.0
2023-09-20,14.05,15.15,13.57,15.14,0.0
2023-09-21,16.16,17.54,15.1,17.54,0.0
2023-09-22,17.26,17.26,15.93,17.2,0.0
2023-09-25,17.25,18.41,16.79,16.9,0.0
2023-09-26,17.59,19.5,17.17,18.94,0.0
2023-09-27,18.14,19.71,18.14,18.22,0.0
2023-09-28,18.27,18.77,17.06,17.34,0.0
2023-09-29,16.6,17.74,15.83,17.52,0.0
2023-10-02,17.31,18.55,16.93,17.61,0.0
2023-10-03,18.2,20.48,18.2,19.78,0.0
2023-10-04,19.96,19.96,18.3,18.58,0.0
2023-10-05,18.61,19.58,18.26,18.49,0.0
2023-10-06,18.52,19.93,17.19,17.45,0.0
2023-10-09,19.54,19.6,17.56,17.7,0.0
2023-10-10,17.61,17.86,16.51,17.03,0.0
2023-10-11,16.67,17.78,16.09,16.09,0.0
2023-10-12,15.99,18.08,15.44,16.69,0.0
2023-10-13,17.26,20.78,17.26,19.32,0.0
2023-10-16,19.1,19.57,17.14,17.21,0.0
2023-10-17,17.78,18.54,16.97,17.88,0.0
2023-10-18,18.34,20.15,18.34,19.22,0.0
2023-10-19,19.39,21.4,18.55,21.4,0.0
2023-10-20,20.91,21.83,20.42,21.71,0.0
2023-10-23,21.83,23.08,19.48,20.37,0.0
2023-10-24,19.76,19.76,18.65,18.97,0.0
2023-10-25,19.03,21.24,18.86,20.19,0.0
2023-10-26,21.64,21.64,20.22,20.68,0.0
2023-10-27,20.33,22.07,19.72,21.27,0.0
2023-10-30,21.13,21.16,19.55,19.75,0.0
2023-10-31,19.29,19.29,17.97,18.14,0.0
2023-11-01,18.28,18.42,16.63,16.87,0.0
2023-11-02,16.42,16.42,15.58,15.66,0.0
2023-11-03,15.73,15.73,14.91,14.91,0.0
2023-11-06,15.39,15.58,14.84,14.89,0.0
2023-11-07,15.02,15.02,14.71,14.81,0.0
2023-11-08,14.81,15.09,14.3,14.45,0.0
2023-11-09,14.48,15.57,14.13,15.29,0.0
2023-11-10,15.23,15.23,14.16,14.17,0.0
2023-11-13,15.16,15.19,14.58,14.76,0.0
2023-11-14,14.78,14.86,13.91,14.16,0.0
2023-11-15,14.22,14.35,13.97,14.18,0.0
2023-11-16,14.12,14.42,13.68,14.32,0.0
2023-11-17,13.96,13.96,13.67,13.8,0.0
2023-11-20,14.26,14.31,13.39,13.41,0.0
2023-11-21,13.44,14.31,13.13,13.35,0.0
2023-11-22,12.99,13.25,12.82,12.85,0.0
2023-11-24,13.01,13.17,12.45,12.46,0.0
2023-11-27,13.14,13.28,12.64,12.69,0.0
2023-11-28,12.81,14.3,12.56,12.69,0.0
2023-11-29,12.64,13.1,12.48,12.98,0.0
2023-11-30,13.02,13.39,12.82,12.92,0.0
2023-12-01,12.94,12.96,12.48,12.63,0.0
2023-12-04,13.28,13.7,12.98,13.08,0.0
2023-12-05,13.33,13.76,12.81,12.85,0.0
2023-12-06,12.83,13.03,12.64,12.97,0.0
2023-12-07,13.19,13.19,12.95,13.06,0.0
2023-12-08,13.17,13.24,12.35,12.35,0.0
2023-12-11,13.05,13.14,12.61,12.63,0.0
2023-12-12,12.7,12.7,11.81,12.07,0.0
2023-12-13,12.23,12.46,11.82,12.19,0.0
2023-12-14,12.1,12.74,11.84,12.48,0.0
2023-12-15,12.06,12.54,12.06,12.28,0.0
2023-12-18,12.62,12.64,12.4,12.56,0.0
2023-12-19,12.47,12.47,12.33,12.53,0.0
2023-12-20,12.71,13.93,12.29,13.67,0.0
2023-12-21,13.42,14.49,13.42,13.65,0.0
2023-12-22,13.92,13.96,13.0,13.03,0.0
2023-12-26,13.77,13.8,12.96,12.99,0.0
2023-12-27,13.03,13.03,12.37,12.43,0.0
2023-12-28,12.43,12.65,12.43,12.47,0.0
2023-12-29,12.58,13.19,12.36,12.45,0.0
2024-01-02,13.22,14.23,13.1,13.2,0.0
2024-01-03,13.8,14.22,13.8,14.04,0.0
2024-01-04,14.08,14.2,13.64,14.13,0.0
2024-01-05,14.47,14.47,13.29,13.35,0.0
2024-01-08,14.0,14.18,13.02,13.08,0.0
2024-01-09,13.33,13.45,12.74,12.76,0.0
2024-01-10,12.87,12.95,12.67,12.69,0.0
2024-01-11,12.91,13.31,12.35,12.44,0.0
2024-01-12,12.78,12.78,12.47,12.7,0.0
2024-01-16,13.83,14.35,13.52,13.84,0.0
2024-01-17,14.51,15.4,14.38,14.79,0.0
2024-01-18,14.31,14.31,13.89,14.13,0.0
2024-01-19,13.61,14.58,13.28,13.3,0.0
2024-01-22,13.77,13.84,13.17,13.19,0.0
2024-01-23,13.23,13.23,12.53,12.55,0.0
2024-01-24,12.51,13.18,12.41,13.14,0.0
2024-01-25,13.23,13.58,13.06,13.45,0.0
2024-01-26,13.67,14.1,13.2,13.26,0.0
2024-01-29,13.98,15.35,13.59,13.6,0.0
2024-01-30,13.7,13.74,13.23,13.31,0.0
2024-01-31,13.45,14.61,13.18,14.35,0.0
2024-02-01,13.97,14.63,13.87,13.88,0.0
2024-02-02,13.8,14.23,13.39,13.85,0.0
2024-02-05,14.37,14.53,13.58,13.67,0.0
2024-02-06,13.71,13.78,12.98,13.06,0.0
2024-02-07,13.11,13.13,12.81,12.83,0.0
2024-02-08,13.01,13.17,12.74,12.79,0.0
2024-02-09,12.84,13.01,12.69,12.93,0.0
2024-02-12,13.48,13.94,13.34,13.93,0.0
2024-02-13,14.05,17.94,13.43,15.85,0.0
2024-02-14,14.97,15.47,14.22,14.38,0.0
2024-02-15,14.33,14.64,13.94,14.01,0.0
2024-02-16,14.06,14.71,13.75,14.24,0.0
2024-02-20,15.08,15.91,15.07,15.42,0.0
2024-02-21,15.69,16.12,15.22,15.34,0.0
2024-02-22,14.23,14.64,14.23,14.54,0.0
2024-02-23,14.03,14.03,13.64,13.75,0.0
2024-02-26,14.17,14.2,13.66,13.74,0.0
2024-02-27,13.59,13.75,13.41,13.43,0.0
2024-02-28,13.77,13.77,13.44,13.84,0.0
2024-02-29,14.01,14.01,13.3,13.4,0.0
2024-03-01,13.47,13.47,13.08,13.11,0.0
2024-03-04,13.49,13.58,13.32,13.49,0.0
2024-03-05,13.77,15.1,13.77,14.46,0.0
2024-03-06,14.05,14.93,13.89,14.5,0.0
2024-03-07,14.47,14.47,14.25,14.44,0.0
2024-03-08,14.46,15.53,13.97,14.74,0.0
2024-03-11,15.51,16.04,15.13,15.22,0.0
2024-03-12,15.12,15.12,13.81,13.84,0.0
2024-03-13,13.86,14.04,13.67,13.75,0.0
2024-03-14,13.45,15.33,13.42,14.4,0.0
2024-03-15,14.2,15.53,14.14,14.41,0.0
2024-03-18,14.75,14.85,14.26,14.33,0.0
2024-03-19,14.75,14.86,13.8,13.82,0.0
2024-03-20,13.86,14.17,13.01,13.04,0.0
2024-03-21,12.99,13.08,12.4,12.92,0.0
2024-03-22,12.92,13.15,12.58,13.06,0.0
2024-03-25,13.67,13.67,13.11,13.19,0.0
2024-03-26,13.06,13.43,12.84,13.24,0.0
2024-03-27,13.03,13.34,12.66,12.78,0.0
2024-03-28,12.99,13.1,12.84,13.01,0.0
2024-04-01,13.61,14.15,13.55,13.65,0.0
2024-04-02,13.95,15.43,13.95,14.61,0.0
2024-04-03,15.13,15.18,14.25,14.33,0.0
2024-04-04,14.2,16.92,13.74,16.35,0.0
2024-04-05,16.65,16.65,15.53,16.03,0.0
2024-04-08,16.24,16.5,15.11,15.19,0.0
2024-04-09,15.29,16.63,14.94,14.98,0.0
2024-04-10,15.21,16.62,14.59,15.8,0.0
2024-04-11,16.53,17.61,14.91,14.91,0.0
2024-04-12,15.52,19.2,15.52,17.31,0.0
2024-04-15,16.94,19.46,16.26,19.23,0.0
2024-04-16,19.0,19.0,17.64,18.4,0.0
2024-04-17,18.0,19.11,17.54,18.21,0.0
2024-04-18,18.01,18.37,17.21,18.0,0.0
2024-04-19,19.39,19.39,18.17,18.71,0.0
2024-04-22,18.59,18.72,16.69,16.94,0.0
2024-04-23,16.57,16.57,15.69,15.69,0.0
2024-04-24,15.83,16.38,15.58,15.97,0.0
2024-04-25,16.26,17.55,15.27,15.37,0.0
2024-04-26,15.55,16.06,14.92,15.03,0.0
2024-04-29,15.37,15.42,14.63,14.67,0.0
2024-04-30,14.77,15.9,14.67,15.65,0.0
2024-05-01,16.08,16.22,14.35,15.39,0.0
2024-05-02,14.95,16.09,14.6,14.68,0.0
2024-05-03,14.49,14.49,13.48,13.49,0.0
2024-05-06,13.98,14.02,13.44,13.49,0.0
2024-05-07,13.55,13.64,13.16,13.23,0.0
2024-05-08,13.3,13.51,12.94,13.0,0.0
2024-05-09,13.25,13.25,12.68,12.69,0.0
2024-05-10,12.84,12.96,12.5,12.55,0.0
2024-05-13,13.26,13.66,13.25,13.6,0.0
2024-05-14,13.81,14.03,13.27,13.42,0.0
2024-05-15,13.88,13.88,12.38,12.45,0.0
2024-05-16,12.45,12.67,12.33,12.42,0.0
2024-05-17,12.38,12.48,11.91,11.99,0.0
2024-05-20,12.27,12.59,12.07,12.15,0.0
2024-05-21,12.42,12.56,11.84,11.86,0.0
2024-05-22,12.13,12.81,11.78,12.29,0.0
2024-05-23,11.6,13.37,11.6,12.77,0.0
2024-05-24,12.57,12.57,11.89,11.93,0.0
2024-05-28,12.5,13.44,12.5,12.92,0.0
2024-05-29,14.11,14.32,13.69,14.28,0.0
2024-05-30,14.45,14.45,13.67,14.47,0.0
2024-05-31,14.38,14.87,12.84,12.92,0.0
2024-06-03,13.08,14.31,13.0,13.11,0.0
2024-06-04,13.85,13.85,13.11,13.16,0.0
2024-06-05,12.96,13.25,12.6,12.63,0.0
2024-06-06,12.74,12.98,12.54,12.58,0.0
2024-06-07,12.86,13.08,12.11,12.22,0.0
2024-06-10,13.09,13.28,12.62,12.74,0.0
2024-06-11,13.24,13.47,13.24,12.85,0.0
2024-06-12,13.09,13.09,11.94,12.04,0.0
2024-06-13,12.2,12.68,11.88,11.94,0.0
2024-06-14,13.18,13.18,13.18,12.66,0.0
2024-06-17,13.07,13.29,12.5,12.75,0.0
2024-06-18,12.7,12.7,12.24,12.3,0.0
2024-06-20,12.59,13.55,12.18,13.28,0.0
2024-06-21,13.47,13.78,12.99,13.2,0.0
2024-06-24,13.85,13.88,13.15,13.33,0.0
2024-06-25,13.43,13.43,12.84,12.84,0.0
2024-06-26,12.97,13.24,12.37,12.55,0.0
2024-06-27,12.74,12.74,12.21,12.24,0.0
2024-06-28,12.32,12.76,11.87,12.44,0.0
2024-07-01,12.98,13.26,12.1,12.22,0.0
2024-07-02,12.77,12.88,11.85,12.03,0.0
2024-07-03,12.13,12.23,11.95,12.09,0.0
2024-07-05,12.44,12.61,11.84,12.48,0.0
2024-07-08,12.91,12.91,12.31,12.37,0.0
2024-07-09,12.49,12.61,12.35,12.51,0.0
2024-07-10,12.43,12.92,12.39,12.85,0.0
2024-07-11,12.97,13.33,12.23,12.92,0.0
2024-07-12,12.77,12.77,12.11,12.46,0.0
2024-07-15,12.78,13.26,12.75,13.12,0.0
2024-07-16,13.27,13.27,12.95,13.19,0.0
2024-07-17,13.88,14.88,13.88,14.48,0.0
2024-07-18,14.51,16.43,14.08,15.93,0.0
2024-07-19,16.2,17.19,16.2,16.52,0.0
2024-07-22,16.79,16.89,14.75,14.91,0.0
2024-07-23,14.91,14.91,13.9,14.72,0.0
2024-07-24,15.36,18.46,15.18,18.04,0.0
2024-07-25,18.65,19.36,16.42,18.46,0.0
2024-07-26,17.49,17.49,16.37,16.39,0.0
2024-07-29,16.59,17.21,16.23,16.6,0.0
2024-07-30,16.52,18.32,16.26,17.69,0.0
2024-07-31,16.74,16.77,15.71,16.36,0.0
2024-08-01,16.22,19.48,15.95,18.59,0.0
2024-08-02,20.45,29.66,20.45,23.39,0.0
2024-08-05,23.39,65.73,23.39,38.57,0.0
2024-08-06,31.17,31.17,24.02,27.71,0.0
2024-08-07,22.63,29.76,21.97,27.85,0.0
2024-08-08,27.76,27.76,23.36,23.79,0.0
2024-08-09,23.41,24.52,20.26,20.37,0.0
2024-08-12,20.79,21.19,18.89,20.71,0.0
2024-08-13,20.44,20.44,17.95,18.12,0.0
2024-08-14,18.41,18.41,16.12,16.19,0.0
2024-08-15,16.42,16.42,14.77,15.23,0.0
2024-08-16,15.45,15.76,14.65,14.8,0.0
2024-08-19,15.94,16.07,14.46,14.65,0.0
2024-08-20,14.88,15.93,14.88,15.88,0.0
2024-08-21,15.99,17.17,15.92,16.27,0.0
2024-08-22,16.11,18.06,15.76,17.55,0.0
2024-08-23,16.93,17.21,15.61,15.86,0.0
2024-08-26,16.27,16.67,15.81,16.15,0.0
2024-08-27,16.35,16.81,15.37,15.43,0.0
2024-08-28,15.62,17.89,15.62,17.11,0.0
2024-08-29,16.2,16.2,15.19,15.65,0.0
2024-08-30,15.56,16.04,14.78,15.0,0.0
2024-09-03,16.57,21.99,16.57,20.72,0.0
2024-09-04,22.78,22.78,19.34,21.32,0.0
2024-09-05,20.64,21.53,19.21,19.9,0.0
2024-09-06,22.24,23.76,18.83,22.38,0.0
2024-09-09,21.32,21.41,19.29,19.45,0.0
2024-09-10,19.76,20.74,18.9,19.08,0.0
2024-09-11,19.36,21.41,17.55,17.69,0.0
2024-09-12,17.87,18.59,16.89,17.07,0.0
2024-09-13,16.94,16.94,16.23,16.56,0.0
2024-09-16,17.16,17.69,16.91,17.14,0.0
2024-09-17,17.05,18.08,16.67,17.61,0.0
2024-09-18,17.66,19.39,17.11,18.23,0.0
2024-09-19,16.64,16.64,16.21,16.33,0.0
2024-09-20,16.39,16.68,15.81,16.15,0.0
2024-09-23,16.71,16.95,15.75,15.89,0.0
2024-09-24,16.15,16.67,15.27,15.39,0.0
2024-09-25,15.7,15.7,15.17,15.41,0.0
2024-09-26,15.22,15.83,14.9,15.37,0.0
2024-09-27,15.63,16.97,15.2,16.96,0.0
2024-09-30,17.01,17.79,16.47,16.73,0.0
2024-10-01,16.66,20.73,16.66,19.26,0.0
2024-10-02,19.45,20.36,18.58,18.9,0.0
2024-10-03,19.8,20.75,19.16,20.49,0.0
2024-10-04,20.0,20.0,18.48,19.21,0.0
2024-10-07,20.76,23.03,20.65,22.64,0.0
2024-10-08,22.12,22.12,21.14,21.42,0.0
2024-10-09,21.48,21.48,20.71,20.86,0.0
2024-10-10,21.07,21.39,20.64,20.93,0.0
2024-10-14,20.86,20.86,19.69,19.7,0.0
2024-10-15,19.76,20.89,19.44,20.64,0.0
2024-10-16,20.71,21.01,19.45,19.58,0.0
2024-10-17,19.34,19.65,18.88,19.11,0.0
2024-10-18,19.16,19.16,17.99,18.03,0.0
2024-10-21,18.78,19.34,18.36,18.37,0.0
2024-10-22,19.32,19.44,18.05,18.2,0.0
2024-10-23,18.56,20.47,18.56,19.24,0.0
2024-10-24,18.74,20.24,18.74,19.08,0.0
2024-10-25,18.99,20.51,18.23,20.33,0.0
2024-10-28,19.11,19.88,18.91,19.8,0.0
2024-10-29,20.02,20.53,19.06,19.34,0.0
2024-10-30,19.62,20.44,19.62,20.35,0.0
2024-10-31,21.48,23.42,21.12,23.16,0.0
2024-11-01,22.42,22.42,21.16,21.88,0.0
2024-11-04,22.5,23.07,21.73,21.98,0.0
2024-11-05,21.95,22.06,20.2,20.49,0.0
2024-11-06,15.79,16.82,15.79,16.27,0.0
2024-11-07,15.56,15.56,15.13,15.2,0.0
2024-11-08,15.18,15.18,14.66,14.94,0.0
2024-11-11,15.33,15.56,14.89,14.97,0.0
2024-11-12,15.17,15.17,14.69,14.71,0.0
2024-11-13,15.19,15.26,13.77,14.02,0.0
2024-11-14,14.11,14.32,13.59,14.31,0.0
2024-11-15,14.64,17.55,14.56,16.14,0.0
2024-11-18,16.6,17.0,15.35,15.58,0.0
2024-11-19,16.5,17.93,16.5,16.35,0.0
2024-11-20,16.19,18.79,16.19,17.16,0.0
2024-11-21,16.54,17.99,15.73,16.87,0.0
2024-11-22,16.85,16.85,15.24,15.24,0.0
2024-11-25,15.23,15.72,14.54,14.6,0.0
2024-11-26,14.56,14.56,13.88,14.1,0.0
2024-11-27,14.33,15.13,13.96,14.1,0.0
2024-11-29,13.96,14.15,13.49,13.51,0.0
2024-12-02,14.08,14.1,13.3,13.34,0.0
2024-12-03,13.34,13.77,13.19,13.3,0.0
2024-12-04,13.16,13.61,12.89,13.45,0.0
2024-12-05,13.51,13.7,13.26,13.54,0.0
2024-12-06,13.6,13.6,12.7,12.77,0.0
2024-12-09,13.36,14.23,13.35,14.19,0.0
2024-12-10,14.17,14.54,13.86,14.18,0.0
2024-12-11,14.39,14.39,13.52,13.58,0.0
2024-12-12,13.7,13.95,13.39,13.92,0.0
2024-12-13,13.41,14.25,13.24,13.81,0.0
2024-12-16,14.37,14.69,13.99,14.69,0.0
2024-12-17,14.95,15.94,14.95,15.87,0.0
2024-12-18,15.32,28.32,14.82,27.62,0.0
2024-12-19,20.73,24.12,20.16,24.09,0.0
2024-12-20,26.02,26.51,17.82,18.36,0.0
2024-12-23,18.09,20.02,16.74,16.78,0.0
2024-12-24,16.78,16.78,14.27,14.27,0.0
2024-12-26,14.99,15.93,14.55,14.73,0.0
2024-12-27,15.33,18.45,15.33,15.95,0.0
2024-12-30,17.21,19.22,16.44,17.4,0.0
2024-12-31,16.73,17.81,16.73,17.35,0.0
2025-01-02,17.21,19.5,16.96,17.93,0.0
2025-01-03,17.88,17.88,16.11,16.13,0.0
2025-01-06,16.77,16.87,15.71,16.04,0.0
2025-01-07,16.2,18.9,15.79,17.82,0.0
2025-01-08,18.85,19.5,17.37,17.7,0.0
2025-01-10,18.58,20.31,18.58,19.54,0.0
2025-01-13,21.18,22.04,19.15,19.19,0.0
2025-01-14,19.05,19.66,18.24,18.71,0.0
2025-01-15,18.66,18.66,15.96,16.12,0.0
2025-01-16,16.16,16.6,15.64,16.6,0.0
2025-01-17,16.09,16.09,15.53,15.97,0.0
2025-01-21,15.89,15.89,14.93,15.06,0.0
2025-01-22,14.86,15.29,14.59,15.1,0.0
2025-01-23,15.3,15.3,14.59,15.02,0.0
2025-01-24,15.0,15.16,14.58,14.85,0.0
2025-01-27,18.83,22.51,17.57,17.9,0.0
2025-01-28,18.09,18.39,16.25,16.41,0.0
2025-01-29,16.5,18.08,16.17,16.56,0.0
2025-01-30,16.08,16.42,15.32,15.84,0.0
2025-01-31,15.28,17.09,14.9,16.43,0.0
2025-02-03,20.36,20.42,17.66,18.62,0.0
2025-02-04,18.34,18.34,16.78,17.21,0.0
2025-02-05,17.54,17.54,15.77,15.77,0.0
2025-02-06,16.09,16.09,14.99,15.5,0.0
2025-02-07,15.3,16.66,14.79,16.54,0.0
2025-02-10,16.58,16.61,15.7,15.81,0.0
2025-02-11,16.05,16.42,15.75,16.02,0.0
2025-02-12,16.0,17.18,15.64,15.89,0.0
2025-02-13,16.19,16.19,14.98,15.1,0.0
2025-02-14,15.31,15.31,14.74,14.77,0.0
2025-02-18,15.56,16.03,15.35,15.35,0.0
2025-02-19,15.39,15.96,15.39,15.27,0.0
2025-02-20,15.67,16.63,15.12,15.66,0.0
2025-02-21,15.52,19.03,15.28,18.21,0.0
2025-02-24,18.08,20.24,17.31,18.98,0.0
2025-02-25,19.37,21.48,18.85,19.43,0.0
2025-02-26,18.92,20.06,17.83,19.1,0.0
2025-02-27,17.9,21.47,17.67,21.13,0.0
2025-02-28,21.05,22.4,19.05,19.63,0.0
2025-03-03,19.83,24.31,19.25,22.78,0.0
2025-03-04,23.35,26.35,21.71,23.51,0.0
2025-03-05,23.44,24.84,21.37,21.93,0.0
2025-03-06,23.57,25.92,23.57,24.87,0.0
2025-03-07,24.72,26.56,23.09,23.37,0.0
2025-03-10,24.7,29.56,24.68,27.86,0.0
2025-03-11,27.42,29.57,26.18,26.92,0.0
2025-03-12,25.88,25.88,23.89,24.23,0.0
2025-03-13,24.36,26.13,23.46,24.66,0.0
2025-03-14,24.14,24.14,21.48,21.77,0.0
2025-03-17,22.89,22.95,20.32,20.51,0.0
2025-03-18,20.76,22.57,20.76,21.7,0.0
2025-03-19,21.48,21.48,19.42,19.9,0.0
2025-03-20,20.5,20.5,19.3,19.8,0.0
2025-03-21,20.23,21.14,19.15,19.28,0.0
2025-03-24,19.13,19.14,17.46,17.48,0.0
2025-03-25,17.46,17.46,17.02,17.15,0.0
2025-03-26,17.4,19.07,16.97,18.33,0.0
2025-03-27,18.67,19.28,17.95,18.69,0.0
2025-03-28,19.18,22.18,19.18,21.65,0.0
2025-03-31,24.11,24.8,21.67,22.28,0.0
2025-04-01,22.76,23.52,21.58,21.77,0.0
2025-04-02,22.93,23.66,20.68,21.51,0.0
2025-04-03,26.15,30.02,26.15,30.02,0.0
2025-04-04,39.16,45.61,39.16,45.31,0.0
2025-04-07,60.13,60.13,38.58,46.98,0.0
2025-04-08,42.6,57.52,36.48,52.33,0.0
2025-04-09,53.0,57.96,31.9,33.62,0.0
2025-04-10,37.17,54.87,37.17,40.72,0.0
2025-04-11,41.89,46.12,36.85,37.56,0.0
2025-04-14,34.76,35.17,29.75,30.89,0.0
2025-04-15,30.32,31.45,28.29,30.12,0.0
2025-04-16,31.59,34.96,29.48,32.64,0.0
2025-04-17,31.88,32.55,29.57,29.65,0.0
2025-04-21,32.75,35.75,31.79,33.82,0.0
2025-04-22,32.4,32.4,30.08,30.57,0.0
2025-04-23,27.98,30.29,27.11,28.45,0.0
2025-04-24,28.46,28.46,26.36,26.47,0.0
2025-04-25,26.78,27.2,24.84,24.84,0.0
2025-04-28,25.75,26.93,24.7,25.15,0.0
2025-04-29,25.16,25.99,23.76,24.17,0.0
2025-04-30,24.65,28.17,24.65,24.7,0.0
2025-05-01,23.79,25.18,23.3,24.6,0.0
2025-05-02,24.08,24.32,22.34,22.68,0.0
2025-05-05,24.25,24.63,22.81,23.64,0.0
2025-05-06,24.48,25.11,23.9,24.76,0.0
2025-05-07,24.23,25.62,23.29,23.55,0.0
2025-05-08,22.56,23.61,21.88,22.48,0.0
2025-05-09,22.07,22.82,21.83,21.9,0.0
2025-05-12,19.84,20.44,18.14,18.39,0.0
2025-05-13,18.52,18.52,17.65,18.22,0.0
2025-05-14,18.36,18.82,18.06,18.62,0.0
2025-05-15,18.95,18.95,17.77,17.83,0.0
2025-05-16,17.59,17.59,17.15,17.24,0.0
2025-05-19,19.84,19.92,17.92,18.14,0.0
2025-05-20,18.17,18.68,17.7,18.09,0.0
2025-05-21,18.79,21.05,17.77,20.87,0.0
2025-05-22,20.69,22.07,19.64,20.28,0.0
2025-05-23,20.12,25.53,20.12,22.29,0.0
2025-05-27,20.37,21.01,18.95,18.96,0.0
2025-05-28,19.04,19.43,18.68,19.31,0.0
2025-05-29,18.98,20.2,18.98,19.18,0.0
2025-05-30,19.11,20.55,18.57,18.57,0.0
2025-06-02,19.81,20.45,18.36,18.36,0.0
2025-06-03,18.66,18.66,17.64,17.69,0.0
2025-06-04,17.48,18.07,17.41,17.61,0.0
2025-06-05,17.7,18.8,17.08,18.48,0.0
2025-06-06,18.26,18.26,16.65,16.77,0.0
2025-06-09,17.69,17.72,16.82,17.16,0.0
2025-06-10,17.42,17.99,16.68,16.95,0.0
2025-06-11,17.07,18.09,16.23,17.26,0.0
2025-06-12,18.6,18.6,17.43,18.02,0.0
2025-06-13,20.25,20.25,18.88,20.82,0.0
2025-06-16,19.78,20.22,18.67,19.11,0.0
2025-06-17,20.39,21.79,19.55,21.6,0.0
2025-06-18,21.43,21.43,19.59,20.14,0.0
2025-06-20,20.07,21.07,19.11,20.62,0.0
2025-06-23,21.15,22.51,19.82,19.83,0.0
2025-06-24,18.25,18.25,17.33,17.48,0.0
2025-06-25,17.26,17.51,16.68,16.76,0.0
2025-06-26,16.64,16.78,16.11,16.59,0.0
2025-06-27,16.17,17.29,16.12,16.32,0.0
2025-06-30,17.19,17.43,16.55,16.73,0.0
2025-07-01,17.23,17.48,16.51,16.83,0.0
2025-07-02,16.86,17.37,16.54,16.64,0.0
2025-07-03,16.77,16.77,16.14,16.38,0.0
2025-07-07,17.83,18.5,17.51,17.79,0.0
2025-07-08,17.14,17.14,16.54,16.81,0.0
2025-07-09,16.31,16.31,15.76,15.94,0.0
2025-07-10,15.98,15.98,15.7,15.78,0.0
2025-07-11,16.91,16.91,15.98,16.4,0.0
2025-07-14,17.73,17.85,16.91,17.2,0.0
2025-07-15,16.79,17.39,16.56,17.38,0.0
2025-07-16,17.31,19.48,16.69,17.16,0.0
2025-07-17,17.32,17.32,16.48,16.52,0.0
2025-07-18,16.64,16.81,16.28,16.41,0.0
2025-07-21,16.87,16.99,16.3,16.65,0.0
2025-07-22,16.91,17.48,16.43,16.5,0.0
2025-07-23,16.13,16.13,15.32,15.37,0.0
2025-07-24,15.34,15.54,14.95,15.39,0.0
2025-07-25,15.26,15.26,14.92,14.93,0.0
2025-07-28,15.15,15.54,15.0,15.03,0.0
2025-07-29,14.75,16.12,14.75,15.98,0.0
2025-07-30,15.67,17.27,15.44,15.48,0.0
2025-07-31,15.07,17.17,15.07,16.72,0.0
2025-08-01,18.82,21.9,18.82,20.38,0.0
2025-08-04,19.56,19.58,17.48,17.52,0.0
2025-08-05,17.22,18.94,17.11,17.85,0.0
2025-08-06,17.64,17.88,16.56,16.77,0.0
2025-08-07,16.22,17.64,16.22,16.57,0.0
2025-08-08,16.25,16.25,15.15,15.15,0.0
2025-08-11,15.81,16.36,15.52,16.25,0.0
2025-08-12,16.48,16.56,14.66,14.73,0.0
2025-08-13,14.5,14.81,14.3,14.49,0.0
2025-08-14,14.67,15.39,14.67,14.83,0.0
2025-08-15,14.51,15.18,14.51,15.09,0.0
2025-08-18,15.73,15.95,14.95,14.99,0.0
2025-08-19,15.03,15.91,14.76,15.57,0.0
2025-08-20,15.74,17.19,15.57,15.69,0.0
2025-08-21,16.06,17.24,16.06,16.6,0.0
2025-08-22,16.51,16.51,14.21,14.22,0.0
2025-08-25,15.05,15.19,14.24,14.79,0.0
2025-08-26,15.43,15.43,14.62,14.62,0.0
2025-08-27,14.82,15.23,14.82,14.85,0.0
2025-08-28,14.51,14.69,14.12,14.43,0.0
2025-08-29,14.57,15.97,14.57,15.36,0.0
2025-09-02,17.97,19.38,17.97,17.17,0.0
2025-09-03,17.08,17.08,16.34,16.35,0.0
2025-09-04,16.14,16.14,15.28,15.3,0.0
2025-09-05,15.17,16.92,14.74,15.18,0.0
2025-09-08,15.58,15.65,14.99,15.11,0.0
2025-09-09,15.3,15.82,15.3,15.04,0.0
2025-09-10,14.91,15.63,14.63,15.35,0.0
2025-09-11,15.12,15.12,14.65,14.71,0.0
2025-09-12,14.69,14.97,14.41,14.76,0.0
2025-09-15,15.14,15.84,14.92,15.69,0.0
2025-09-16,15.52,16.38,15.52,16.36,0.0
2025-09-17,16.64,16.64,15.26,15.72,0.0
2025-09-18,14.8,15.8,14.8,15.7,0.0
2025-09-19,15.58,16.13,15.29,15.45,0.0
2025-09-22,16.14,16.35,15.78,16.1,0.0
2025-09-23,16.13,17.07,15.95,16.64,0.0
2025-09-24,16.29,17.21,16.18,16.18,0.0
2025-09-25,16.88,17.74,16.88,16.74,0.0
2025-09-26,16.91,16.91,15.29,15.29,0.0
2025-09-29,15.84,16.29,15.74,16.12,0.0
2025-09-30,16.54,16.54,16.02,16.28,0.0
2025-10-01,16.78,16.78,15.98,16.29,0.0
2025-10-02,16.02,16.92,15.93,16.63,0.0
2025-10-03,16.3,17.06,16.3,16.65,0.0
2025-10-06,16.74,17.09,16.29,16.37,0.0
2025-10-07,16.51,17.55,16.19,17.24,0.0
2025-10-08,16.86,17.2,16.23,16.3,0.0
2025-10-09,16.47,17.27,16.47,16.43,0.0
2025-10-10,16.5,22.44,16.23,21.66,0.0
2025-10-13,19.45,20.77,18.61,19.03,0.0
2025-10-14,21.79,22.94,19.18,20.81,0.0
2025-10-15,19.48,22.44,19.11,20.64,0.0
2025-10-16,19.95,25.43,19.85,25.31,0.0
2025-10-17,25.21,25.21,20.73,20.78,0.0
2025-10-20,20.53,21.02,18.23,18.23,0.0
2025-10-21,18.53,18.89,17.4,17.87,0.0
2025-10-22,18.13,21.01,18.13,18.6,0.0
2025-10-23,19.05,19.35,17.08,17.3,0.0
2025-10-24,17.16,17.22,16.02,16.37,0.0
2025-10-27,15.73,16.07,15.62,15.79,0.0
2025-10-28,15.88,16.55,15.66,16.42,0.0
2025-10-29,16.39,17.58,16.39,16.92,0.0
2025-10-30,16.01,17.41,15.73,16.91,0.0
2025-10-31,16.14,18.54,15.96,17.44,0.0
2025-11-03,18.06,18.83,17.0,17.17,0.0
2025-11-04,19.42,19.42,17.9,19.0,0.0
2025-11-05,19.65,19.65,17.31,18.01,0.0
2025-11-06,17.84,20.31,17.64,19.5,0.0
2025-11-07,20.29,22.72,19.08,19.08,0.0
2025-11-10,18.58,18.82,17.6,17.6,0.0
2025-11-11,17.89,17.89,17.25,17.28,0.0
2025-11-12,17.13,18.06,17.1,17.51,0.0
2025-11-13,17.92,21.31,17.92,20.0,0.0
2025-11-14,22.23,23.03,19.56,19.83,0.0
2025-11-17,19.58,23.44,19.54,22.38,0.0
2025-11-18,23.58,25.84,22.91,24.69,0.0
2025-11-19,23.9,24.79,21.93,23.66,0.0
2025-11-20,20.94,28.27,19.28,26.42,0.0
2025-11-21,27.14,27.14,22.54,23.43,0.0
2025-11-24,22.69,23.68,20.41,20.52,0.0
2025-11-25,20.35,21.77,18.39,18.56,0.0
2025-11-26,18.59,18.7,16.93,17.19,0.0
2025-11-28,17.46,18.52,15.78,16.35,0.0
2025-12-01,18.05,18.33,16.58,17.24,0.0
2025-12-02,16.8,17.31,16.39,16.59,0.0
2025-12-03,16.46,17.28,15.93,16.08,0.0
2025-12-04,16.11,16.63,15.68,15.78,0.0
2025-12-05,15.77,16.18,15.28,15.41,0.0
2025-12-08,16.15,17.09,16.1,16.66,0.0
2025-12-09,16.78,17.2,16.45,16.93,0.0
2025-12-10,17.4,17.66,15.56,15.77,0.0
2025-12-11,15.9,15.9,14.85,14.85,0.0
2025-12-12,15.16,17.85,14.85,15.74,0.0
2025-12-15,16.51,17.35,15.99,16.5,0.0
2025-12-16,16.72,17.61,16.19,16.48,0.0
2025-12-17,16.17,18.0,15.82,17.62,0.0
2025-12-18,17.28,17.28,15.93,16.87,0.0
2025-12-19,16.38,16.53,14.91,14.91,0.0
2025-12-22,15.16,15.26,14.03,14.08,0.0
2025-12-23,14.13,14.45,13.64,14.0,0.0
2025-12-24,14.1,14.1,13.38,13.47,0.0
2025-12-26,14.12,14.29,13.52,13.6,0.0
2025-12-29,14.69,15.08,13.99,14.2,0.0
2025-12-30,14.51,14.51,14.04,14.33,0.0
2025-12-31,14.79,15.17,14.38,14.95,0.0
2026-01-02,14.85,15.42,14.46,14.51,0.0
2026-01-05,15.14,15.27,14.65,14.9,0.0
2026-01-06,15.1,15.1,14.63,14.75,0.0
2026-01-07,15.09,15.48,14.83,15.38,0.0
2026-01-08,15.78,15.85,15.15,15.45,0.0
2026-01-09,15.71,15.71,14.43,14.49,0.0
2026-01-12,16.06,16.66,15.03,15.12,0.0
2026-01-13,15.25,16.5,14.75,15.98,0.0
2026-01-14,17.11,18.1,17.11,16.75,0.0
2026-01-15,16.24,16.24,15.3,15.84,0.0
2026-01-16,15.69,16.29,15.3,15.86,0.0
2026-01-20,19.8,20.99,18.64,20.09,0.0
2026-01-21,20.48,20.81,16.67,16.9,0.0
2026-01-22,16.18,16.18,15.27,15.64,0.0
2026-01-23,16.0,16.0,15.3,16.09,0.0
2026-01-26,16.9,17.39,15.8,16.15,0.0
2026-01-27,16.07,16.37,15.74,16.35,0.0
2026-01-28,16.36,17.18,16.36,16.35,0.0
2026-01-29,16.61,19.74,16.61,16.88,0.0
2026-01-30,17.88,17.88,16.67,17.44,0.0
2026-02-02,19.95,19.96,16.08,16.34,0.0
2026-02-03,16.18,20.37,16.05,18.0,0.0
2026-02-04,17.62,21.24,17.62,18.64,0.0
2026-02-05,19.28,23.1,19.28,21.77,0.0
2026-02-06,20.39,20.39,17.27,17.76,0.0
2026-02-09,17.95,19.2,16.9,17.36,0.0
2026-02-10,17.4,17.97,17.14,17.79,0.0
2026-02-11,17.97,18.96,16.75,17.65,0.0
2026-02-12,17.41,21.21,17.08,20.82,0.0
2026-02-13,21.33,22.4,18.92,20.6,0.0
2026-02-17,21.71,22.96,19.76,20.29,0.0
2026-02-18,19.65,20.34,18.48,19.62,0.0
2026-02-19,20.18,21.11,20.18,20.23,0.0
2026-02-20,20.5,21.21,18.76,19.09,0.0
2026-02-23,20.49,22.04,19.5,21.01,0.0
2026-02-24,20.91,22.08,19.23,19.55,0.0
2026-02-25,19.25,19.25,17.86,17.93,0.0
2026-02-26,17.9,20.54,17.5,18.63,0.0
2026-02-27,20.04,21.74,20.04,19.86,0.0
2026-03-02,24.66,25.24,20.37,21.44,0.0
2026-03-03,25.38,28.15,22.18,23.57,0.0
2026-03-04,22.85,22.85,20.4,21.15,0.0
2026-03-05,21.43,25.84,21.43,23.75,0.0
2026-03-06,25.6,29.93,25.6,29.49,0.0
2026-03-09,35.12,35.3,24.76,25.5,0.0
2026-03-10,24.39,26.01,22.19,24.93,0.0
